id_acidente_tip; dia; mes; total; id_risco
4;5;1;1;1
122;5;1;2;1
4;8;1;1;2
4;8;1;2;1
124;10;1;1;2
4;15;1;1;2
4;15;1;1;1
4;15;1;1;1
4;15;1;1;1
125;19;1;1;1
3;19;1;1;2
4;19;1;1;1
4;21;1;1;1
4;22;1;1;1
4;22;1;2;2
2;25;1;1;2
4;25;1;1;2
126;25;1;1;1
122;26;1;1;1
6;28;1;1;1
12;29;1;1;3
2;29;1;1;1
4;31;1;1;1
124;2;2;1;1
4;4;2;1;1
2;4;2;1;1
2;4;2;1;1
4;5;2;2;1
4;8;2;1;2
5;8;2;1;1
5;8;2;1;2
5;10;2;1;1
5;11;2;1;1
5;12;2;1;1
4;13;2;1;2
5;15;2;1;1
4;18;2;2;2
7;18;2;2;1
124;18;2;2;1
124;18;2;1;2
4;19;2;1;2
125;21;2;1;1
2;23;2;1;1
5;23;2;1;1
5;23;2;1;1
2;24;2;1;2
4;24;2;1;1
7;25;2;1;3
2;25;2;1;1
2;26;2;1;1
2;26;2;1;1
2;26;2;1;1
4;26;2;1;1
2;27;2;1;1
7;27;2;1;3
7;1;3;1;2
5;1;3;1;1
126;1;3;1;1
4;1;3;2;1
7;1;3;1;3
124;1;3;1;1
124;1;3;1;1
2;2;3;1;1
4;3;3;1;1
4;4;3;2;1
2;4;3;3;2
4;6;3;1;1
4;6;3;2;1
5;8;3;1;2
10;8;3;1;1
5;9;3;1;2
4;10;3;1;1
5;10;3;1;1
4;11;3;1;1
4;11;3;2;2
127;12;3;1;1
5;12;3;1;1
12;12;3;1;1
124;15;3;1;1
5;16;3;1;1
4;16;3;3;1
4;16;3;1;1
127;17;3;1;1
5;17;3;1;1
124;17;3;1;1
2;17;3;1;1
4;19;3;1;1
6;22;3;1;1
5;24;3;1;1
125;25;3;1;1
2;26;3;1;1
5;29;3;1;1
5;29;3;1;1
4;29;3;1;1
6;31;3;1;1
4;31;3;2;1
12;31;3;1;1
5;1;4;1;1
4;1;4;1;1
4;1;4;2;1
4;1;4;1;2
4;4;4;3;1
5;5;4;1;1
2;6;4;1;1
4;11;4;1;1
2;12;4;1;2
125;12;4;1;1
7;13;4;1;2
125;19;4;1;1
4;20;4;1;1
4;21;4;1;1
6;21;4;1;1
4;22;4;1;1
5;22;4;2;1
5;22;4;2;1
4;23;4;1;2
4;24;4;1;1
6;26;4;1;2
2;27;4;1;1
2;27;4;1;1
6;27;4;1;1
5;28;4;1;1
4;29;4;2;1
5;29;4;1;1
7;30;4;1;3
4;30;4;1;1
4;1;5;1;1
12;5;5;1;1
5;5;5;1;3
6;5;5;1;1
4;6;5;1;1
6;9;5;1;1
4;10;5;2;1
126;11;5;1;1
6;11;5;1;2
6;12;5;1;2
5;12;5;1;1
2;12;5;2;1
5;12;5;1;1
125;14;5;1;1
5;16;5;1;1
4;17;5;2;1
126;18;5;1;1
6;18;5;1;1
5;18;5;1;1
10;22;5;1;1
4;24;5;1;1
2;25;5;1;1
5;25;5;1;1
5;26;5;2;1
3;28;5;1;1
3;1;6;1;2
13;2;6;1;2
2;2;6;1;1
4;3;6;1;1
4;4;6;1;1
5;4;6;1;1
5;5;6;1;2
4;6;6;1;1
3;7;6;1;2
4;7;6;1;1
2;8;6;1;2
124;8;6;1;1
5;11;6;1;2
127;12;6;1;1
4;15;6;1;1
4;15;6;1;1
4;16;6;1;1
4;19;6;1;1
12;19;6;1;1
5;21;6;1;1
4;22;6;1;1
126;26;6;1;1
4;27;6;1;1
4;30;6;2;1
5;30;6;2;1
4;1;7;1;1
5;1;7;1;1
5;1;7;1;1
5;1;7;1;2
10;9;7;1;1
6;9;7;1;2
125;10;7;1;1
124;11;7;1;1
125;12;7;1;1
3;13;7;1;2
4;13;7;1;2
5;14;7;2;1
6;15;7;1;2
5;17;7;1;1
5;18;7;1;1
7;18;7;1;2
5;19;7;1;1
52;19;7;1;1
2;21;7;1;1
52;21;7;1;1
5;21;7;1;1
5;22;7;1;1
5;22;7;1;1
126;23;7;1;2
125;23;7;1;1
5;25;7;1;1
4;25;7;1;1
4;28;7;1;1
5;28;7;2;1
4;30;7;4;1
4;30;7;2;1
5;31;7;1;2
5;31;7;1;1
5;2;8;1;1
4;5;8;1;1
5;5;8;2;1
7;6;8;2;3
6;7;8;1;1
125;10;8;1;1
5;10;8;1;1
4;10;8;1;2
5;10;8;2;1
5;11;8;2;1
4;13;8;1;1
4;13;8;1;2
2;15;8;1;1
5;17;8;1;1
4;17;8;2;1
5;19;8;1;1
4;19;8;2;1
4;19;8;1;2
4;20;8;2;1
3;24;8;1;1
5;24;8;1;1
5;25;8;1;1
4;26;8;2;1
5;26;8;1;2
4;27;8;1;2
4;28;8;1;1
4;30;8;1;1
3;30;8;1;2
5;30;8;2;1
4;31;8;2;1
2;31;8;1;1
4;31;8;1;1
6;1;9;1;1
4;1;9;1;1
4;3;9;2;2
2;3;9;1;1
4;4;9;1;1
5;4;9;1;1
4;4;9;1;1
125;6;9;1;1
4;6;9;2;2
6;8;9;1;2
5;10;9;1;1
125;10;9;1;1
4;11;9;1;2
4;13;9;1;1
2;14;9;1;1
5;14;9;1;1
5;15;9;1;1
12;15;9;1;1
5;15;9;1;1
4;16;9;1;1
5;16;9;1;1
126;18;9;1;1
4;18;9;1;1
5;20;9;1;1
6;24;9;1;2
5;24;9;1;1
4;25;9;1;1
6;26;9;1;1
5;30;9;1;1
4;1;10;1;1
5;1;10;1;1
4;2;10;1;2
5;2;10;1;1
4;6;10;1;1
4;6;10;1;1
4;6;10;2;1
4;7;10;1;1
6;8;10;1;2
5;9;10;1;1
5;10;10;1;2
4;11;10;2;1
4;13;10;1;1
6;13;10;1;1
125;15;10;1;1
6;16;10;1;1
5;16;10;1;1
5;16;10;1;1
4;17;10;2;1
125;17;10;1;1
5;17;10;1;1
5;19;10;1;1
4;20;10;1;1
6;22;10;1;2
3;23;10;1;2
4;26;10;1;1
4;28;10;1;2
2;28;10;1;1
125;28;10;1;1
4;30;10;1;1
124;30;10;1;1
4;1;11;1;1
4;3;11;1;1
4;3;11;1;1
6;4;11;1;1
2;4;11;1;2
12;4;11;1;1
4;6;11;1;1
2;8;11;1;1
5;9;11;2;2
5;9;11;2;1
4;9;11;1;1
4;10;11;2;1
12;10;11;1;1
4;10;11;1;1
5;10;11;1;1
4;13;11;1;1
6;17;11;1;1
4;17;11;1;1
12;18;11;1;1
4;19;11;1;1
4;19;11;1;1
4;19;11;1;1
6;19;11;1;1
12;20;11;1;1
4;21;11;1;1
2;23;11;1;1
2;25;11;1;1
5;25;11;1;1
4;25;11;1;1
127;26;11;1;2
123;27;11;1;3
2;30;11;1;1
5;1;12;2;1
4;2;12;1;1
5;6;12;1;1
5;7;12;1;1
2;8;12;1;1
5;8;12;1;1
3;10;12;1;1
5;10;12;1;1
5;11;12;1;1
5;12;12;1;1
4;12;12;1;1
5;13;12;1;2
4;15;12;1;1
6;16;12;1;1
5;16;12;1;1
4;16;12;1;1
4;17;12;1;1
4;17;12;1;1
6;21;12;1;1
5;22;12;1;1
4;22;12;1;1
4;22;12;1;1
4;23;12;1;1
5;23;12;1;1
5;25;12;1;1
5;26;12;1;1
125;27;12;1;1
5;28;12;1;1
5;28;12;1;1
3;28;12;2;1
2;29;12;1;1
125;30;12;1;1
5;30;12;1;1
4;31;12;1;1
12;31;12;1;1
4;5;1;1;1
52;6;1;1;1
5;6;1;1;1
4;7;1;1;1
5;9;1;1;1
4;10;1;2;1
8;10;1;1;1
4;11;1;1;1
12;11;1;1;2
52;12;1;1;1
124;19;1;1;1
3;20;1;1;1
5;20;1;1;1
5;21;1;2;1
124;22;1;1;1
5;23;1;1;2
4;23;1;1;1
12;25;1;1;1
5;27;1;3;1
4;27;1;1;1
5;29;1;1;1
4;30;1;1;3
4;31;1;1;2
4;1;2;2;1
125;1;2;1;1
4;3;2;1;1
5;3;2;2;2
4;3;2;1;1
3;8;2;2;1
123;9;2;1;1
4;15;2;1;1
10;17;2;1;1
4;17;2;2;1
4;18;2;1;1
127;18;2;1;1
5;18;2;1;1
125;18;2;1;1
5;18;2;2;1
4;18;2;1;1
5;19;2;1;1
5;22;2;1;2
2;23;2;1;1
7;23;2;1;3
5;23;2;1;1
4;23;2;1;1
5;23;2;1;1
125;23;2;1;1
6;24;2;1;1
5;24;2;1;2
4;25;2;2;1
4;26;2;2;1
3;26;2;1;1
131;26;2;1;1
5;28;2;1;1
7;28;2;2;1
4;28;2;1;2
6;1;3;1;2
12;1;3;1;1
5;1;3;2;1
6;1;3;1;2
6;2;3;1;2
127;2;3;2;1
2;3;3;1;1
4;3;3;3;1
5;3;3;1;1
5;3;3;1;1
4;3;3;2;1
4;4;3;1;1
4;4;3;1;1
4;4;3;3;1
5;4;3;2;1
125;5;3;1;2
4;5;3;1;1
4;5;3;1;2
7;6;3;1;1
125;8;3;1;2
125;8;3;1;1
5;10;3;1;1
5;10;3;1;1
4;10;3;2;1
3;11;3;1;3
10;13;3;1;1
125;14;3;1;2
3;14;3;1;3
4;15;3;1;1
7;15;3;1;3
5;16;3;1;1
4;16;3;1;1
5;17;3;2;1
124;18;3;1;1
4;19;3;1;2
2;19;3;1;1
2;23;3;1;1
5;23;3;2;1
5;26;3;1;1
4;26;3;2;2
2;27;3;1;2
12;27;3;1;1
7;29;3;1;1
4;29;3;1;1
5;30;3;2;1
4;30;3;1;1
2;30;3;1;1
4;30;3;1;1
4;31;3;1;1
4;4;4;1;1
5;4;4;1;1
5;4;4;1;1
5;5;4;1;1
4;6;4;1;1
5;6;4;1;1
5;6;4;1;1
4;6;4;2;1
4;7;4;1;1
4;8;4;1;1
4;8;4;1;1
4;12;4;1;1
4;12;4;3;1
125;12;4;1;1
5;14;4;1;1
5;14;4;1;1
5;14;4;1;1
4;15;4;1;1
4;15;4;1;1
5;15;4;1;1
125;16;4;1;1
5;17;4;1;1
6;19;4;1;1
5;19;4;3;1
5;20;4;1;2
4;20;4;1;1
4;21;4;1;1
4;21;4;1;1
4;22;4;2;1
6;24;4;1;2
4;25;4;1;1
5;25;4;1;1
4;26;4;1;2
4;26;4;1;2
4;27;4;2;1
6;28;4;1;1
4;29;4;1;1
6;30;4;1;1
2;2;5;1;1
5;3;5;1;1
124;4;5;1;1
4;4;5;2;1
5;4;5;2;2
4;5;5;1;1
5;5;5;1;1
5;5;5;1;1
125;6;5;1;1
5;6;5;2;1
5;7;5;1;1
4;9;5;1;1
5;10;5;1;2
5;12;5;1;2
2;12;5;1;1
12;13;5;1;1
5;13;5;1;1
5;13;5;1;1
4;14;5;1;1
4;14;5;1;1
6;14;5;1;1
5;15;5;2;1
4;17;5;1;2
4;18;5;1;1
2;18;5;1;1
5;18;5;1;1
2;20;5;1;1
5;20;5;1;1
2;20;5;1;1
6;20;5;1;2
4;23;5;1;1
126;23;5;1;1
4;23;5;1;1
122;24;5;1;1
12;26;5;1;1
5;27;5;1;1
5;27;5;1;1
5;27;5;1;1
6;31;5;1;1
12;31;5;1;1
5;31;5;1;1
2;2;6;1;2
4;2;6;1;1
6;3;6;1;3
2;3;6;1;1
5;3;6;1;1
5;7;6;1;1
113;7;6;1;1
2;8;6;2;1
5;8;6;1;1
7;10;6;1;2
5;10;6;1;1
4;10;6;1;1
5;11;6;1;1
6;14;6;1;1
4;16;6;1;1
4;16;6;1;1
5;16;6;1;1
3;17;6;1;1
5;18;6;1;1
5;18;6;1;1
4;21;6;1;2
5;22;6;1;1
127;23;6;1;1
7;24;6;1;2
6;25;6;2;2
132;29;6;1;2
5;30;6;1;1
125;1;7;1;1
125;4;7;1;1
7;4;7;1;1
12;4;7;1;1
4;4;7;1;2
5;5;7;1;2
4;5;7;1;2
5;6;7;1;2
5;6;7;1;1
4;7;7;2;1
4;7;7;1;1
124;7;7;1;1
5;8;7;1;3
5;10;7;1;1
5;12;7;1;1
5;14;7;1;1
5;14;7;1;2
5;14;7;1;1
4;15;7;1;1
4;15;7;1;1
12;16;7;1;1
125;18;7;1;2
4;18;7;1;1
4;20;7;1;1
4;22;7;1;1
3;23;7;1;2
127;23;7;2;2
2;25;7;1;1
125;25;7;1;1
2;31;7;1;1
4;1;8;1;1
126;3;8;1;1
5;4;8;1;1
122;4;8;1;3
5;4;8;1;1
124;4;8;1;1
5;5;8;1;2
4;5;8;1;1
5;6;8;2;1
4;8;8;1;1
126;10;8;1;1
5;11;8;1;1
6;12;8;1;3
4;12;8;1;1
4;12;8;1;1
5;13;8;1;1
122;13;8;1;3
5;14;8;1;3
6;15;8;1;1
10;15;8;1;1
2;16;8;1;2
5;17;8;1;1
4;18;8;1;1
4;18;8;1;1
4;22;8;1;1
5;23;8;1;2
2;24;8;1;1
6;26;8;1;2
5;27;8;1;1
5;30;8;1;1
10;1;9;1;1
126;1;9;1;1
4;1;9;1;1
127;2;9;1;1
5;4;9;1;1
5;5;9;1;2
4;5;9;1;1
6;8;9;1;1
4;8;9;1;1
5;9;9;1;1
5;9;9;1;1
125;10;9;1;1
5;10;9;1;1
5;11;9;1;1
7;12;9;1;2
5;12;9;2;1
4;12;9;1;1
4;13;9;1;1
5;13;9;1;1
125;14;9;1;1
4;14;9;1;1
2;14;9;1;1
4;15;9;1;1
6;16;9;1;2
6;17;9;1;2
4;17;9;1;1
3;18;9;1;3
5;18;9;1;1
4;20;9;1;1
2;21;9;2;1
4;23;9;2;1
5;23;9;1;1
5;23;9;1;1
12;27;9;1;1
4;27;9;2;1
4;29;9;1;1
125;30;9;1;1
4;30;9;1;1
4;30;9;2;1
5;30;9;2;1
4;30;9;1;1
4;30;9;1;1
12;1;10;1;1
4;1;10;1;1
2;1;10;1;1
5;3;10;1;1
4;3;10;1;1
5;4;10;2;1
12;4;10;1;1
4;4;10;1;1
125;5;10;1;1
2;6;10;1;1
122;6;10;1;3
4;7;10;1;1
4;8;10;2;1
12;8;10;1;1
10;9;10;1;1
10;10;10;1;1
4;10;10;2;1
5;11;10;2;1
5;11;10;1;1
5;11;10;1;1
6;11;10;1;1
5;11;10;1;1
2;12;10;1;1
7;14;10;1;2
6;14;10;1;1
5;15;10;1;2
127;15;10;1;1
5;15;10;1;1
5;17;10;1;1
5;18;10;1;1
10;18;10;1;1
5;19;10;1;1
4;19;10;2;1
4;20;10;1;1
2;21;10;1;1
4;21;10;1;1
6;21;10;1;1
5;21;10;1;1
5;22;10;2;1
4;22;10;1;2
4;24;10;3;2
4;24;10;1;1
5;24;10;1;1
5;26;10;1;2
7;27;10;1;3
12;27;10;1;1
4;28;10;1;1
5;29;10;1;1
7;29;10;1;1
12;31;10;1;1
7;31;10;1;1
4;31;10;2;2
5;31;10;1;1
4;1;11;1;1
7;1;11;1;1
3;1;11;1;2
5;1;11;1;2
5;3;11;1;1
6;5;11;1;1
4;7;11;1;1
5;7;11;1;1
125;8;11;1;1
2;8;11;1;1
4;9;11;1;1
5;9;11;1;1
10;9;11;1;1
4;10;11;2;1
4;10;11;1;1
12;11;11;1;1
4;11;11;1;1
6;11;11;1;1
4;11;11;1;1
5;11;11;1;1
3;11;11;1;2
5;12;11;1;2
5;13;11;1;1
5;14;11;1;1
7;14;11;1;2
4;14;11;1;2
6;16;11;1;2
5;18;11;1;1
5;18;11;1;1
5;18;11;1;1
127;19;11;1;1
5;19;11;1;2
4;20;11;1;1
4;20;11;1;1
4;21;11;1;1
7;21;11;1;2
5;25;11;1;1
4;25;11;1;1
5;25;11;1;1
4;26;11;1;2
12;28;11;1;1
12;28;11;1;1
4;28;11;1;2
12;28;11;1;1
5;29;11;1;1
5;30;11;1;1
124;1;12;1;1
5;2;12;1;2
2;2;12;1;1
6;2;12;1;2
12;2;12;1;1
6;3;12;1;1
4;3;12;2;1
4;3;12;1;1
126;3;12;1;2
125;3;12;1;1
6;4;12;1;3
4;5;12;1;2
4;6;12;1;1
5;6;12;1;1
124;7;12;1;1
126;8;12;1;1
5;9;12;1;1
123;9;12;1;2
5;9;12;1;1
4;9;12;2;1
5;10;12;1;1
5;13;12;1;1
4;13;12;1;1
5;13;12;1;1
5;13;12;1;1
5;14;12;1;1
4;15;12;1;1
127;15;12;2;1
7;15;12;1;2
2;15;12;1;2
4;15;12;1;1
6;16;12;1;1
5;16;12;1;1
6;16;12;1;1
4;16;12;1;1
4;16;12;2;1
12;17;12;1;1
124;17;12;1;1
5;18;12;1;1
123;18;12;1;2
7;20;12;2;1
4;20;12;1;1
10;21;12;1;1
4;23;12;1;1
6;23;12;1;2
4;23;12;2;1
4;24;12;1;1
4;26;12;1;1
4;26;12;1;1
4;27;12;1;1
4;28;12;1;3
4;28;12;2;1
6;30;12;1;1
5;31;12;1;1
3;31;12;1;2
4;2;1;1;1
4;3;1;3;1
6;4;1;1;1
4;6;1;1;1
125;6;1;1;1
10;6;1;1;1
4;7;1;1;2
5;9;1;1;1
4;9;1;1;1
6;10;1;1;1
4;11;1;2;1
2;12;1;1;1
5;13;1;1;1
5;13;1;1;1
5;14;1;2;1
6;16;1;1;2
4;16;1;1;1
126;16;1;1;1
3;17;1;1;1
4;17;1;1;1
12;17;1;1;1
5;18;1;1;1
125;18;1;1;1
125;18;1;1;1
2;19;1;1;1
4;19;1;1;1
5;19;1;1;1
5;19;1;1;1
4;19;1;1;1
2;20;1;1;1
12;20;1;1;1
4;20;1;2;2
125;22;1;1;1
4;23;1;1;2
2;23;1;1;1
4;24;1;1;1
4;24;1;1;1
5;25;1;1;1
5;25;1;1;1
6;25;1;1;2
4;26;1;1;1
4;26;1;1;1
4;28;1;1;1
7;30;1;1;3
5;31;1;1;1
2;1;2;1;2
4;2;2;2;1
5;2;2;1;1
6;3;2;1;2
6;3;2;1;1
5;3;2;1;1
4;4;2;1;1
4;7;2;1;1
5;8;2;1;1
4;9;2;1;1
127;9;2;1;1
2;10;2;1;2
12;10;2;2;1
2;10;2;1;1
7;10;2;1;2
7;11;2;1;3
12;11;2;1;1
5;11;2;1;1
5;11;2;1;1
12;12;2;1;1
4;13;2;1;1
7;14;2;1;1
124;15;2;1;1
4;15;2;1;1
5;15;2;1;1
5;17;2;1;1
127;18;2;1;1
125;18;2;1;1
4;27;2;2;1
5;1;3;2;1
10;2;3;1;1
6;2;3;1;1
5;3;3;1;1
2;3;3;1;1
4;5;3;1;1
124;6;3;1;1
3;6;3;1;3
12;7;3;1;1
6;9;3;1;1
4;9;3;1;1
6;10;3;1;2
4;12;3;2;2
6;14;3;1;1
5;16;3;2;1
5;16;3;1;1
5;16;3;1;1
4;17;3;1;1
5;17;3;1;1
4;20;3;1;1
2;20;3;1;2
12;21;3;1;1
5;21;3;1;1
3;22;3;1;1
5;22;3;2;1
12;23;3;2;1
5;23;3;1;1
7;23;3;1;2
4;25;3;1;1
4;27;3;1;2
5;28;3;1;1
4;28;3;1;1
5;29;3;1;1
4;29;3;1;1
4;29;3;1;1
4;30;3;1;1
5;31;3;1;1
7;1;4;1;2
131;4;4;1;1
4;5;4;1;1
125;5;4;1;1
4;6;4;2;2
5;7;4;1;2
5;7;4;1;1
2;10;4;1;1
4;10;4;1;1
5;11;4;1;1
5;11;4;1;1
125;11;4;1;1
7;12;4;1;1
4;12;4;2;1
6;13;4;1;2
5;14;4;1;1
6;14;4;1;2
5;14;4;1;1
5;15;4;1;1
4;16;4;1;2
5;17;4;1;1
3;19;4;1;1
4;19;4;1;1
5;19;4;1;1
4;19;4;1;3
4;20;4;2;1
2;20;4;1;1
4;22;4;1;1
7;23;4;1;2
2;24;4;1;1
4;27;4;2;1
5;27;4;2;1
5;27;4;1;1
2;29;4;1;1
5;29;4;1;1
12;30;4;1;1
5;30;4;1;1
4;2;5;1;1
4;2;5;1;1
7;3;5;1;1
6;5;5;1;1
126;6;5;1;1
6;6;5;1;1
5;6;5;1;2
126;8;5;1;1
5;9;5;1;1
5;10;5;1;2
4;10;5;1;1
4;13;5;1;1
5;14;5;1;1
5;15;5;1;2
5;15;5;2;1
5;17;5;1;2
4;19;5;1;1
5;20;5;1;1
5;22;5;1;1
5;25;5;2;1
7;26;5;1;2
2;29;5;1;1
5;29;5;1;2
12;30;5;1;1
5;31;5;1;2
4;1;6;1;1
5;5;6;1;1
5;5;6;1;1
4;6;6;1;1
5;6;6;1;1
2;6;6;1;1
5;6;6;1;1
4;7;6;2;1
2;7;6;1;1
2;8;6;1;2
4;8;6;2;1
4;8;6;1;1
5;9;6;2;2
4;9;6;1;1
4;11;6;2;1
4;12;6;1;1
5;12;6;1;1
5;12;6;1;2
125;12;6;1;1
4;13;6;1;1
4;14;6;1;1
4;14;6;1;1
4;14;6;2;1
5;14;6;1;1
5;15;6;1;1
7;15;6;1;1
4;17;6;2;1
2;19;6;1;2
4;19;6;2;2
4;19;6;2;1
4;20;6;1;2
5;21;6;1;2
4;21;6;1;1
4;22;6;1;2
5;25;6;1;1
6;28;6;1;2
4;28;6;2;1
5;29;6;1;1
125;29;6;1;1
10;1;7;1;1
12;1;7;1;1
124;4;7;1;1
4;5;7;1;1
5;6;7;2;3
4;6;7;1;1
7;7;7;1;3
12;9;7;1;1
4;10;7;2;1
12;11;7;1;1
4;11;7;1;1
4;12;7;1;2
7;12;7;2;1
2;12;7;1;2
4;12;7;1;1
12;13;7;1;1
5;13;7;1;1
5;14;7;1;1
6;16;7;1;2
5;16;7;1;1
4;22;7;1;1
4;26;7;1;1
123;28;7;1;2
5;29;7;1;1
12;29;7;1;1
4;31;7;1;1
5;1;8;1;2
4;2;8;1;1
5;2;8;1;1
127;4;8;1;2
3;7;8;1;2
2;9;8;1;2
4;9;8;1;2
2;10;8;1;2
4;10;8;2;1
5;10;8;1;1
6;11;8;1;1
2;13;8;1;1
3;13;8;1;1
5;14;8;1;1
2;15;8;1;1
4;15;8;1;1
5;15;8;1;1
5;17;8;2;1
5;17;8;1;2
4;18;8;1;1
6;18;8;1;1
6;20;8;1;2
5;21;8;2;1
125;21;8;1;1
4;22;8;1;1
2;23;8;1;1
2;23;8;1;2
4;23;8;1;1
5;23;8;1;1
6;24;8;2;2
5;26;8;2;1
4;27;8;2;1
2;28;8;1;1
4;31;8;1;1
127;31;8;1;2
4;1;9;2;1
125;4;9;1;1
5;6;9;1;2
5;7;9;1;2
4;7;9;1;2
10;8;9;1;1
4;9;9;1;2
4;10;9;2;2
4;10;9;1;2
4;10;9;1;1
4;10;9;1;1
125;11;9;1;1
3;13;9;1;1
4;14;9;1;1
5;14;9;1;1
4;14;9;1;1
4;14;9;1;1
126;18;9;1;1
6;18;9;1;1
5;19;9;1;1
4;19;9;1;1
4;19;9;2;1
3;21;9;1;1
4;21;9;1;1
4;21;9;1;1
4;25;9;1;1
2;26;9;1;2
5;28;9;1;1
4;28;9;1;1
12;29;9;1;1
5;30;9;1;2
10;1;10;1;1
5;1;10;1;1
5;2;10;1;1
2;3;10;1;1
4;3;10;1;3
125;4;10;1;1
4;4;10;2;2
10;5;10;1;1
4;5;10;2;1
6;6;10;1;1
4;6;10;1;1
5;6;10;1;1
4;8;10;1;1
2;9;10;1;1
6;9;10;1;2
5;9;10;1;1
5;10;10;1;1
5;11;10;1;1
5;11;10;1;1
4;11;10;1;1
12;12;10;1;1
2;12;10;1;2
5;13;10;2;2
4;14;10;1;2
5;15;10;1;1
4;17;10;1;1
113;18;10;1;1
4;19;10;2;1
5;19;10;1;1
6;20;10;1;1
5;21;10;1;1
4;23;10;1;1
131;23;10;1;1
7;26;10;1;2
6;27;10;1;1
12;28;10;1;2
4;29;10;1;1
5;31;10;1;1
5;31;10;1;1
131;2;11;2;1
2;4;11;1;1
5;5;11;1;1
4;5;11;1;2
5;5;11;1;2
2;7;11;1;1
4;7;11;1;1
5;7;11;1;1
131;8;11;1;1
6;9;11;1;2
5;9;11;1;1
4;9;11;1;1
125;10;11;1;1
5;11;11;1;1
6;13;11;1;2
4;13;11;1;1
127;13;11;1;1
131;14;11;1;1
4;16;11;1;1
2;19;11;1;1
6;19;11;1;1
6;20;11;1;2
12;20;11;1;1
12;20;11;1;1
12;20;11;1;1
4;21;11;1;1
4;21;11;1;1
124;21;11;1;1
4;23;11;2;1
2;25;11;1;1
4;26;11;1;2
5;26;11;2;3
10;28;11;1;1
4;29;11;2;1
6;2;12;1;2
5;4;12;1;1
7;4;12;1;2
137;4;12;1;2
137;5;12;1;1
5;5;12;1;1
5;5;12;1;1
2;6;12;1;1
137;7;12;1;1
137;7;12;1;2
5;8;12;1;1
137;10;12;1;1
6;10;12;1;2
5;11;12;1;1
12;12;12;1;1
4;12;12;1;1
12;14;12;2;1
4;14;12;2;1
2;14;12;1;1
12;14;12;1;1
5;16;12;1;1
5;16;12;1;1
4;19;12;2;1
5;19;12;1;1
2;19;12;1;1
12;20;12;1;1
4;20;12;1;1
4;21;12;2;1
125;22;12;1;1
2;23;12;1;1
5;23;12;1;1
5;24;12;1;1
125;26;12;1;1
52;26;12;1;1
137;28;12;2;1
125;30;12;1;1
137;31;12;1;1
12;2;1;1;1
124;2;1;1;1
12;3;1;1;2
4;3;1;1;1
2;3;1;1;1
5;5;1;1;1
4;10;1;1;1
12;10;1;1;1
10;11;1;1;1
4;11;1;1;1
5;14;1;1;1
5;15;1;2;2
6;15;1;1;2
5;17;1;1;2
4;18;1;1;2
5;20;1;1;1
2;24;1;1;1
4;25;1;1;1
12;29;1;1;1
5;29;1;1;1
4;1;2;2;1
4;4;2;1;1
4;4;2;1;1
5;5;2;2;1
4;5;2;1;1
12;5;2;1;2
5;6;2;1;1
5;7;2;1;1
5;8;2;1;1
5;9;2;1;1
5;13;2;1;1
4;13;2;1;1
4;13;2;2;2
6;15;2;1;2
4;16;2;1;1
5;18;2;1;1
5;19;2;1;1
7;19;2;1;2
4;20;2;1;1
2;21;2;1;1
4;21;2;2;2
5;21;2;1;1
3;24;2;1;2
4;25;2;2;1
125;27;2;1;1
126;27;2;1;1
2;1;3;1;1
4;1;3;1;1
4;5;3;1;1
5;5;3;1;1
4;8;3;1;1
5;8;3;1;2
5;9;3;1;1
5;9;3;1;1
4;12;3;1;2
4;14;3;1;2
5;15;3;1;1
2;15;3;1;1
5;15;3;1;1
4;15;3;1;1
113;17;3;1;1
7;19;3;1;2
12;21;3;1;1
4;21;3;2;1
133;22;3;1;1
5;22;3;1;1
4;22;3;1;1
7;23;3;1;2
5;23;3;1;1
5;26;3;1;1
4;26;3;1;1
4;27;3;1;1
4;27;3;1;1
6;28;3;1;2
5;29;3;1;1
5;29;3;1;1
125;29;3;1;1
2;30;3;1;1
4;1;4;1;1
6;3;4;1;1
135;3;4;1;1
5;3;4;1;1
4;3;4;1;2
4;5;4;1;1
7;5;4;1;1
5;6;4;1;1
12;10;4;1;2
4;10;4;1;1
6;11;4;1;1
4;13;4;2;1
2;14;4;1;1
5;16;4;1;2
5;16;4;1;1
4;17;4;2;1
5;17;4;2;1
5;17;4;1;1
2;18;4;1;2
4;21;4;1;1
4;22;4;1;1
5;24;4;1;2
4;24;4;1;1
127;24;4;1;1
6;24;4;1;1
5;29;4;1;2
5;30;4;2;1
4;30;4;2;2
4;1;5;1;1
5;2;5;1;1
4;2;5;1;1
5;2;5;1;2
4;4;5;1;1
3;5;5;1;2
7;7;5;1;1
6;7;5;1;2
5;8;5;1;2
124;10;5;1;1
3;10;5;1;2
5;13;5;2;3
6;14;5;1;1
3;15;5;1;2
2;17;5;1;1
5;17;5;1;1
5;17;5;1;1
4;17;5;2;1
10;17;5;1;1
4;23;5;1;1
125;24;5;1;2
7;24;5;1;1
4;27;5;2;1
125;28;5;1;1
4;29;5;1;1
4;31;5;2;1
4;1;6;1;1
2;1;6;1;1
5;2;6;1;1
125;4;6;1;1
4;5;6;1;2
6;5;6;1;2
4;6;6;1;1
4;6;6;1;1
4;7;6;1;1
5;8;6;1;1
5;9;6;1;1
6;9;6;1;1
127;10;6;1;1
12;13;6;1;1
5;14;6;1;1
2;18;6;1;1
2;19;6;1;1
4;20;6;1;2
7;21;6;1;2
4;22;6;1;1
6;22;6;1;1
4;24;6;1;2
10;26;6;1;1
12;26;6;1;1
4;27;6;2;2
5;27;6;1;1
5;28;6;1;1
4;29;6;1;1
10;2;7;1;1
2;2;7;1;2
3;3;7;2;2
3;3;7;1;1
10;5;7;1;1
3;6;7;1;1
127;7;7;2;1
4;7;7;1;2
5;7;7;1;1
125;9;7;1;1
6;9;7;1;3
125;10;7;1;1
125;12;7;1;1
3;12;7;1;1
2;12;7;1;1
2;12;7;1;1
4;13;7;2;1
5;15;7;1;1
4;16;7;2;1
2;17;7;1;1
127;17;7;1;1
127;18;7;1;1
5;19;7;1;1
5;20;7;1;2
7;21;7;1;3
4;23;7;1;1
6;23;7;1;3
12;24;7;1;1
7;28;7;1;2
4;29;7;2;1
5;1;8;1;1
4;2;8;1;1
5;2;8;1;1
2;2;8;1;2
6;7;8;1;1
5;7;8;2;1
10;7;8;1;1
5;9;8;1;1
2;12;8;1;1
2;13;8;1;1
5;13;8;1;1
5;13;8;1;1
5;14;8;1;1
5;14;8;1;1
5;15;8;1;1
5;18;8;1;1
4;19;8;1;1
5;20;8;1;1
3;23;8;1;3
12;25;8;1;1
3;26;8;1;2
7;26;8;1;2
122;27;8;1;2
6;27;8;1;1
4;27;8;1;1
4;30;8;1;1
7;30;8;1;2
125;1;9;1;1
4;3;9;1;1
2;4;9;1;1
5;4;9;1;1
5;4;9;1;1
125;5;9;1;2
3;5;9;1;1
6;6;9;1;1
4;6;9;1;1
5;6;9;1;1
5;7;9;1;1
4;9;9;1;2
12;10;9;1;1
5;11;9;1;2
6;12;9;1;2
5;13;9;1;1
4;13;9;1;1
5;17;9;1;2
4;18;9;1;1
4;20;9;2;1
4;20;9;1;1
127;24;9;2;1
12;24;9;1;1
4;24;9;1;2
4;24;9;1;1
5;26;9;2;2
5;27;9;1;1
122;28;9;1;2
5;30;9;1;1
4;30;9;1;1
5;1;10;2;1
125;3;10;1;1
5;4;10;2;1
4;4;10;2;1
4;5;10;1;1
12;5;10;1;1
5;6;10;1;1
7;8;10;1;1
10;8;10;1;1
4;8;10;1;1
5;10;10;1;1
4;10;10;1;1
4;11;10;1;1
6;11;10;1;2
4;11;10;1;1
4;12;10;1;1
4;14;10;1;1
12;15;10;2;1
5;16;10;1;1
4;16;10;1;1
4;17;10;1;1
2;18;10;1;1
7;18;10;1;2
5;18;10;1;1
4;18;10;1;1
4;22;10;1;1
2;24;10;1;1
4;28;10;2;1
7;29;10;1;3
4;30;10;2;2
3;31;10;1;3
5;31;10;1;1
5;1;11;1;1
5;1;11;1;1
12;1;11;1;1
6;3;11;1;1
4;4;11;1;1
5;4;11;1;1
5;6;11;1;1
4;6;11;1;1
4;7;11;2;1
5;11;11;1;1
4;11;11;1;1
5;11;11;1;1
125;12;11;1;1
4;12;11;2;1
2;13;11;1;1
4;13;11;1;2
5;13;11;1;1
6;14;11;1;1
6;17;11;1;2
4;18;11;1;1
7;19;11;2;2
5;21;11;1;1
5;22;11;1;3
5;22;11;2;1
5;22;11;1;1
5;22;11;1;1
4;23;11;1;1
5;23;11;2;1
7;25;11;1;2
6;27;11;1;2
5;27;11;1;1
4;28;11;2;2
5;29;11;3;1
125;29;11;1;1
4;30;11;1;1
4;1;12;1;1
5;2;12;1;2
5;2;12;1;1
126;2;12;1;1
4;5;12;1;1
5;5;12;1;1
4;8;12;1;1
5;8;12;1;1
4;9;12;1;1
4;9;12;1;3
5;9;12;1;1
4;9;12;2;1
6;10;12;1;3
5;10;12;1;1
5;10;12;1;1
4;12;12;1;1
7;12;12;1;2
4;16;12;1;1
5;17;12;2;1
4;18;12;1;1
12;18;12;1;1
5;18;12;1;1
5;18;12;1;1
6;19;12;1;1
5;19;12;1;2
4;19;12;2;1
5;19;12;1;1
4;19;12;1;1
7;20;12;1;3
5;20;12;1;3
4;22;12;1;1
4;23;12;1;1
4;24;12;1;2
6;27;12;1;1
125;27;12;1;1
4;28;12;2;1
5;30;12;1;1
2;31;12;1;1
12;3;1;1;1
7;4;1;1;2
4;7;1;1;1
12;10;1;1;2
5;13;1;1;1
124;16;1;1;1
5;16;1;1;1
2;17;1;1;2
4;18;1;1;1
5;20;1;1;1
125;22;1;1;1
5;22;1;1;1
4;24;1;2;1
5;24;1;1;1
5;25;1;1;1
131;26;11;1;1
2;27;1;1;1
4;28;1;1;1
5;29;1;1;2
4;29;1;2;1
12;30;1;1;2
5;31;1;1;2
6;3;2;1;1
12;5;2;1;1
12;5;2;1;1
122;6;2;1;3
5;7;2;1;2
4;7;2;1;1
124;8;2;1;1
4;9;2;1;1
4;9;2;1;1
2;9;2;1;2
2;11;2;1;2
2;12;2;1;1
5;12;2;1;1
5;13;2;2;3
4;13;2;1;1
5;13;2;1;1
5;14;2;1;1
4;14;2;1;2
5;14;2;1;1
7;15;2;1;2
125;15;2;1;1
12;15;2;1;2
12;16;2;1;1
12;18;2;1;2
122;18;2;1;2
3;21;2;1;2
5;22;2;1;1
4;22;2;1;1
125;24;2;1;1
5;27;2;2;1
126;28;2;1;1
127;28;2;2;1
5;5;3;2;1
4;8;3;2;1
12;8;3;1;1
124;10;3;1;1
124;10;3;1;1
2;11;3;1;3
4;14;3;1;1
125;17;3;1;1
7;18;3;1;2
5;19;3;2;1
5;20;3;2;2
5;20;3;1;1
12;21;3;1;1
12;21;3;1;1
5;22;3;1;1
4;22;3;2;1
12;23;3;1;1
5;25;3;1;1
4;26;3;1;3
2;27;3;1;1
4;27;3;1;2
4;27;3;2;1
4;28;3;1;1
4;28;3;1;1
2;28;3;1;1
5;28;3;1;1
6;1;4;1;1
4;1;4;1;1
19;4;4;1;1
12;4;4;1;1
4;4;4;1;1
6;4;4;1;1
5;4;4;1;1
6;4;4;1;1
4;4;4;2;1
5;6;4;1;1
2;8;4;1;1
12;9;4;1;2
4;10;4;1;1
4;10;4;1;1
4;10;4;1;1
4;13;4;1;1
2;14;4;1;1
7;14;4;1;2
5;17;4;1;2
4;25;4;1;1
3;25;4;1;2
6;25;4;1;1
3;26;4;1;2
8;26;4;1;2
4;2;5;1;1
4;2;5;2;1
4;3;5;1;1
12;4;5;1;1
5;5;5;1;2
125;6;5;1;1
125;6;5;1;1
5;7;5;2;1
4;9;5;2;1
5;10;5;1;1
2;10;5;1;1
12;11;5;1;1
6;12;5;1;1
4;12;5;1;1
12;12;5;1;1
4;12;5;1;1
2;14;5;1;2
3;14;5;1;1
5;14;5;1;1
4;16;5;1;1
5;16;5;2;1
2;16;5;1;1
8;18;5;1;3
6;18;5;1;1
5;20;5;1;2
12;20;5;1;1
4;27;5;1;1
5;28;5;1;1
5;28;5;2;1
12;28;5;1;1
4;28;5;2;1
4;29;5;1;1
4;30;5;1;1
2;2;6;1;1
5;2;6;1;1
2;3;6;1;3
4;3;6;1;1
3;5;6;1;1
5;5;6;1;1
2;6;6;1;1
4;6;6;1;1
4;7;6;1;2
12;10;6;1;1
6;10;6;1;1
4;10;6;1;1
2;10;6;1;1
125;10;6;1;1
4;10;6;1;2
5;15;6;1;1
5;16;6;1;1
4;16;6;1;1
4;17;6;2;1
5;18;6;1;2
5;20;6;1;1
7;23;6;1;3
8;23;6;1;2
6;23;6;1;1
5;25;6;2;1
6;25;6;1;2
12;25;6;2;1
6;25;6;1;3
5;26;6;1;1
4;27;6;2;1
4;27;6;1;1
12;27;6;1;1
5;30;6;2;1
4;30;6;1;1
6;1;7;1;1
4;4;7;1;1
5;6;7;1;1
5;6;7;1;1
5;6;7;1;1
2;7;7;1;1
4;8;7;1;1
6;9;7;1;1
6;10;7;1;1
5;10;7;1;1
5;10;7;1;1
5;10;7;1;1
6;11;7;1;2
4;11;7;1;1
4;11;7;1;1
5;11;7;1;1
5;12;7;2;1
4;12;7;2;1
6;13;7;1;2
4;14;7;1;3
5;14;7;1;2
10;15;7;1;1
5;17;7;1;1
3;18;7;1;1
4;22;7;1;1
4;25;7;1;1
12;25;7;1;2
6;28;7;1;1
5;29;7;1;1
4;30;7;2;1
6;31;7;1;1
3;2;8;1;3
5;2;8;1;2
4;4;8;1;1
12;6;8;1;1
6;7;8;1;2
3;9;8;1;2
5;9;8;1;1
5;11;8;2;2
2;12;8;1;1
5;13;8;1;1
126;14;8;1;1
12;14;8;1;1
5;15;8;1;1
4;16;8;1;1
4;18;8;1;1
4;21;8;2;1
12;22;8;1;1
5;22;8;1;1
12;22;8;1;1
4;23;8;1;1
5;27;8;1;1
126;27;8;1;1
10;31;8;1;1
4;1;9;1;1
4;2;9;2;1
4;2;9;2;2
4;3;9;1;1
3;3;9;1;1
4;4;9;1;1
125;5;9;1;1
3;6;9;1;1
4;9;9;1;1
7;10;9;1;1
5;10;9;1;1
126;10;9;1;1
5;12;9;1;1
4;12;9;1;1
12;16;9;1;2
4;16;9;1;1
5;16;9;1;1
4;16;9;1;1
4;17;9;1;1
3;18;9;1;2
12;18;9;1;1
6;19;9;1;1
4;19;9;2;1
7;19;9;1;3
4;19;9;1;2
125;22;9;2;1
5;23;9;1;1
4;24;9;1;2
125;25;9;1;1
126;25;9;1;1
4;26;9;1;2
5;27;9;1;2
4;29;9;1;1
6;29;9;1;1
3;2;10;1;1
131;2;10;1;1
123;3;10;1;1
5;5;10;1;1
6;7;10;1;1
4;7;10;1;2
5;9;10;1;2
5;10;10;1;1
4;10;10;1;1
4;13;10;1;1
5;14;10;1;1
125;15;10;1;2
4;15;10;3;3
126;16;10;1;1
3;17;10;1;2
5;19;10;1;1
6;20;10;1;1
5;20;10;2;3
6;22;10;1;2
8;22;10;1;3
5;22;10;1;1
125;23;10;1;1
5;27;10;1;2
131;27;10;1;1
5;27;10;1;1
131;27;10;1;1
4;29;10;1;1
4;29;10;1;1
6;30;10;1;2
3;30;10;1;2
4;31;10;1;1
5;1;11;1;1
5;1;11;1;1
5;1;11;1;2
123;2;11;1;2
4;3;11;1;1
4;3;11;1;1
12;4;11;1;1
6;4;11;1;2
6;5;11;1;2
5;6;11;2;1
5;7;11;1;1
12;10;11;1;1
128;12;11;1;1
131;14;11;1;1
4;14;11;1;1
4;14;11;1;1
4;14;11;1;1
7;14;11;1;1
4;15;11;1;1
7;17;11;1;3
4;17;11;1;1
5;17;11;1;1
2;20;11;1;1
4;23;11;1;1
4;24;11;1;3
5;25;11;1;2
3;25;11;1;2
131;26;11;1;1
5;27;11;1;1
124;28;11;1;1
7;1;12;1;1
122;1;12;1;3
6;2;12;1;2
5;4;12;1;2
4;6;12;1;1
2;7;12;1;3
6;8;12;1;2
124;9;12;1;1
5;10;12;1;1
127;11;12;2;1
12;12;12;1;1
125;13;12;1;1
4;17;12;1;1
137;18;12;2;1
137;18;12;1;1
2;18;12;1;1
4;18;12;1;2
5;21;12;1;2
6;22;12;1;1
6;22;12;1;1
5;22;12;1;1
5;23;12;1;1
127;23;12;1;1
122;24;12;1;3
5;24;12;1;1
137;29;12;1;1
12;31;12;1;1
127;5;1;1;1
5;8;1;1;1
2;8;1;1;1
125;8;1;1;1
6;8;1;1;1
4;8;1;3;1
5;11;1;1;1
4;12;1;1;1
5;12;1;2;1
124;13;1;1;1
12;13;1;1;1
2;13;1;1;1
3;14;1;1;1
5;14;1;1;1
4;18;1;1;1
126;19;1;1;1
5;20;1;1;1
4;20;1;1;1
4;21;1;1;1
4;21;1;1;1
2;23;1;1;2
127;23;1;1;1
5;26;1;1;3
4;26;1;1;1
2;27;1;1;2
4;28;1;1;1
6;30;1;1;1
5;30;1;1;1
2;30;1;1;1
5;31;1;1;1
7;3;2;1;2
2;3;2;1;1
6;3;2;1;1
2;3;2;1;1
3;4;2;1;2
4;4;2;1;1
6;9;2;1;2
5;11;2;1;1
6;13;2;1;1
5;19;2;1;1
5;23;2;2;1
5;26;2;1;1
4;26;2;1;1
4;27;2;1;1
7;28;2;1;3
5;28;2;1;1
2;2;3;1;1
6;3;3;1;1
5;4;3;1;1
4;4;3;2;2
4;4;3;1;1
4;5;3;1;1
5;8;3;1;1
12;9;3;1;1
4;9;3;2;1
2;10;3;1;1
5;11;3;1;2
4;12;3;1;1
5;14;3;1;1
4;16;3;2;1
5;19;3;2;1
5;20;3;1;1
5;20;3;1;1
4;20;3;2;3
4;20;3;1;1
4;23;3;1;1
5;23;3;1;2
4;24;3;2;1
7;24;3;1;2
5;25;3;1;1
3;26;3;1;1
6;27;3;1;1
6;29;3;1;1
126;30;3;1;1
12;31;3;1;2
2;31;3;1;1
29;7;4;1;1
24;7;4;1;1
24;8;4;1;1
13;8;4;2;1
25;9;4;1;1
30;10;4;1;3
19;13;4;2;1
24;14;4;1;1
25;15;4;1;1
24;16;4;1;1
34;17;4;1;3
19;17;4;1;1
13;17;4;2;1
25;18;4;1;1
24;22;4;1;1
11;25;4;2;2
13;27;4;1;1
24;27;4;1;1
11;27;4;1;1
37;28;4;1;1
30;28;4;1;2
25;30;4;1;1
25;1;5;1;1
13;2;5;1;1
19;4;5;1;3
11;5;5;3;1
13;5;5;2;1
19;6;5;1;2
13;8;5;2;1
13;10;5;2;1
24;13;5;2;1
30;14;5;1;1
24;14;5;1;1
24;23;5;1;1
24;25;5;1;1
24;27;5;2;1
24;1;6;1;1
24;1;6;1;1
13;1;6;1;1
29;5;6;1;2
18;6;6;1;3
13;9;6;1;1
18;11;6;1;1
24;14;6;1;1
19;16;6;1;2
30;17;6;1;1
11;17;6;2;1
21;18;6;1;1
24;18;6;1;1
24;19;6;1;1
13;19;6;1;1
19;19;6;1;2
24;21;6;1;1
13;22;6;1;1
24;22;6;2;1
11;22;6;1;1
25;23;6;1;1
35;23;6;1;1
13;25;6;1;1
19;25;6;1;1
24;25;6;1;1
13;26;6;1;1
18;27;6;1;1
13;29;6;1;1
18;2;7;1;1
24;2;7;1;1
13;3;7;1;1
30;6;7;1;1
24;6;7;1;1
25;7;7;1;1
24;8;7;1;1
25;9;7;1;1
24;11;7;1;1
18;14;7;1;1
24;14;7;2;1
13;14;7;1;1
24;15;7;1;1
24;16;7;1;1
13;16;7;1;1
18;17;7;1;1
13;20;7;2;1
24;22;7;1;1
18;22;7;1;1
11;22;7;1;1
25;22;7;1;1
24;24;7;1;1
13;28;7;1;1
25;28;7;1;1
43;28;7;1;3
25;29;7;1;2
18;31;7;1;2
13;31;7;1;1
30;1;8;1;1
13;4;8;1;1
13;5;8;1;1
13;6;8;1;1
30;6;8;1;1
24;7;8;1;3
13;7;8;1;1
11;7;8;2;1
13;8;8;1;2
24;10;8;1;1
13;12;8;1;1
13;13;8;2;1
24;14;8;1;2
24;15;8;1;3
24;16;8;1;1
24;18;8;1;3
13;18;8;1;1
24;19;8;1;1
11;19;8;1;1
13;19;8;2;1
25;21;8;1;2
11;22;8;2;1
24;24;8;1;2
24;24;8;1;1
11;27;8;2;1
24;28;8;1;2
18;31;8;1;2
33;31;8;1;1
13;2;9;2;1
18;2;9;1;1
13;5;9;1;1
24;6;9;1;2
11;6;9;1;2
29;7;9;1;1
29;7;9;1;2
13;8;9;2;1
13;8;9;1;1
11;8;9;1;1
24;10;9;1;1
24;11;9;1;2
24;12;9;1;1
13;14;9;1;1
29;16;9;1;2
13;20;9;1;1
24;22;9;1;1
24;24;9;2;1
24;28;9;1;1
11;30;9;1;1
24;30;9;1;1
24;2;10;1;2
18;2;10;1;1
24;3;10;1;1
48;4;10;1;1
13;9;10;1;1
24;9;10;1;1
24;10;10;1;2
13;14;10;1;1
25;15;10;1;1
11;15;10;1;1
11;15;10;1;1
24;18;10;1;3
25;21;10;1;1
24;22;10;1;2
13;22;10;1;1
25;22;10;1;2
29;23;10;1;2
13;25;10;1;1
24;29;10;1;1
11;30;10;1;2
24;31;10;1;1
11;3;11;3;1
13;3;11;1;1
24;3;11;1;1
25;4;11;1;1
13;4;11;1;2
11;4;11;2;1
13;6;11;3;1
25;7;11;1;1
24;8;11;1;1
18;9;11;2;2
13;10;11;1;2
11;13;11;1;1
24;15;11;1;2
25;15;11;1;1
18;16;11;1;1
18;19;11;2;2
18;19;11;1;1
25;19;11;1;1
24;22;11;1;1
29;24;11;1;1
11;24;11;1;1
29;25;11;1;1
49;25;11;1;1
13;26;11;1;1
24;26;11;2;1
24;30;11;1;2
36;3;12;1;1
18;5;12;1;1
24;7;12;1;1
19;7;12;1;2
30;8;12;1;3
29;9;12;1;1
24;9;12;2;2
13;10;12;1;1
29;13;12;1;1
25;14;12;1;1
13;16;12;2;1
24;18;12;1;1
13;18;12;2;2
24;18;12;1;1
13;19;12;4;1
24;22;12;1;1
29;22;12;1;2
4;23;12;1;1
13;23;12;1;1
19;25;12;1;3
18;27;12;1;2
25;30;12;1;1
24;30;12;1;1
25;31;12;1;3
11;31;12;1;1
11;31;12;1;1
29;4;3;1;2
18;4;8;1;2
18;8;3;1;2
18;3;2;1;2
24;8;7;2;1
18;12;8;1;1
18;25;2;1;2
24;10;6;2;2
13;14;6;2;1
25;7;7;1;2
13;1;6;2;1
13;29;6;2;1
11;2;8;1;2
13;5;2;1;1
29;12;1;1;1
63;28;7;1;1
25;28;2;1;1
24;10;1;1;3
24;10;3;2;1
13;17;8;1;2
18;23;4;1;1
13;18;3;1;2
24;18;1;1;1
13;27;4;1;1
24;26;4;1;2
19;29;4;1;1
19;6;8;1;2
30;11;7;1;2
24;9;6;1;2
140;10;3;1;1
13;2;6;1;1
19;28;4;1;2
30;21;6;2;2
19;18;2;1;2
18;9;6;1;2
11;4;3;1;1
13;21;7;2;1
25;16;8;1;1
19;12;1;1;2
18;28;8;1;2
24;12;1;1;1
18;14;4;1;1
25;30;4;1;1
18;14;4;1;2
13;28;3;1;1
13;14;1;1;1
25;19;8;1;3
24;7;1;1;1
13;24;5;2;1
19;19;5;1;1
13;8;6;1;1
11;1;7;1;1
24;15;3;1;1
13;22;3;1;1
25;26;2;2;2
24;9;5;1;2
25;28;2;1;1
18;21;1;1;1
29;1;5;1;2
24;15;2;1;2
18;29;7;1;2
18;10;7;1;2
13;30;6;2;1
29;7;6;1;1
24;29;2;1;1
18;16;2;1;1
30;13;3;1;1
30;31;3;1;1
11;20;7;2;1
24;12;3;1;1
24;16;7;1;2
49;11;3;1;1
24;25;2;1;1
49;28;3;1;2
24;29;4;1;1
30;3;1;1;1
30;28;1;2;1
24;19;1;1;1
18;24;6;1;1
24;8;6;1;1
25;12;2;1;1
24;11;3;1;1
24;20;1;1;1
24;11;7;1;1
13;8;4;1;1
24;7;5;1;1
13;1;2;1;1
13;19;2;1;1
25;18;5;1;1
24;9;3;1;1
24;22;1;1;1
13;16;4;2;1
24;25;2;1;1
24;21;6;1;1
35;10;1;1;2
13;12;1;1;1
25;11;8;1;1
24;13;2;1;1
13;18;2;1;1
25;20;2;1;1
11;1;8;3;2
24;24;8;1;1
13;18;7;1;1
25;9;5;1;1
13;6;2;1;3
29;31;8;1;2
13;19;8;1;1
13;18;4;1;1
24;14;5;1;1
13;14;7;1;1
24;14;8;1;1
13;31;8;2;1
24;10;8;2;1
13;17;2;1;1
13;16;2;1;1
13;26;2;1;1
24;28;2;1;1
13;29;2;2;1
13;1;3;1;1
24;4;3;2;1
13;21;3;1;1
24;16;8;1;1
13;1;4;1;2
24;5;5;1;1
25;29;2;1;1
24;6;7;1;2
13;4;5;1;1
18;12;4;1;1
13;6;5;1;1
13;19;7;1;1
24;6;3;1;1
13;23;3;2;1
24;10;2;1;1
24;10;2;1;2
24;6;7;1;1
24;9;7;1;1
24;12;1;1;1
140;20;1;1;2
32;2;3;1;2
24;3;5;1;1
49;14;1;1;2
24;27;4;2;1
13;19;7;1;1
13;12;1;1;1
13;26;8;1;1
24;27;5;1;1
13;6;6;1;1
24;14;1;1;1
24;9;1;1;1
13;26;4;3;1
11;24;6;1;1
11;27;6;1;1
24;4;2;1;1
140;15;2;1;2
24;23;2;1;1
25;11;3;1;1
24;31;8;1;1
24;23;8;1;1
24;12;2;2;2
18;10;3;1;1
13;9;4;1;1
24;15;3;1;1
13;1;9;2;1
13;1;9;2;1
13;1;9;1;1
21;4;9;1;1
29;7;9;1;1
13;8;9;1;1
24;13;9;1;1
18;17;9;1;2
19;18;9;1;1
13;18;9;1;2
19;20;9;1;3
24;20;9;1;2
25;20;9;1;2
27;21;9;1;2
11;22;9;1;1
29;23;9;1;2
24;24;9;1;3
24;26;9;1;1
18;27;9;1;1
11;29;9;2;1
24;29;9;1;1
30;3;10;1;1
30;4;10;1;1
25;4;10;1;1
18;6;10;1;1
13;6;10;1;1
13;8;10;1;1
11;10;10;1;1
24;11;10;1;1
13;11;10;2;1
24;12;10;1;1
18;16;10;1;1
18;19;10;1;1
24;19;10;1;1
18;20;10;1;1
18;20;10;1;1
13;21;10;2;3
29;25;10;1;1
29;25;10;1;1
11;26;10;1;1
13;27;10;1;2
18;27;10;1;2
24;27;10;1;2
13;1;11;1;1
13;1;11;1;1
24;3;11;1;3
25;3;11;1;1
25;3;11;1;1
21;4;11;1;1
24;4;11;1;3
29;5;11;1;1
29;5;11;1;1
25;7;11;1;1
25;10;11;1;1
24;11;11;1;1
13;11;11;1;2
29;11;11;1;1
18;13;11;1;1
18;13;11;1;1
29;14;11;1;1
142;14;11;1;1
18;17;11;1;1
13;17;11;1;2
13;17;11;2;1
13;18;11;2;1
24;22;11;1;1
49;22;11;2;1
25;22;11;1;1
25;23;11;1;1
13;23;11;2;1
24;29;11;1;1
24;29;11;2;1
25;3;12;1;1
24;3;12;1;1
29;3;12;1;2
24;4;12;1;2
13;5;12;2;1
24;5;12;1;1
25;6;12;1;1
29;10;12;1;1
18;10;12;1;1
19;10;12;1;3
18;11;12;1;1
35;11;12;1;1
24;12;12;1;1
18;14;12;1;2
24;15;12;1;1
29;17;12;1;1
24;17;12;1;1
19;17;12;1;3
13;19;12;1;2
25;20;12;1;1
29;20;12;1;1
30;21;12;1;1
25;21;12;1;1
29;22;12;1;1
11;27;12;2;2
13;27;12;2;1
24;28;12;1;2
18;28;12;1;1
18;28;12;1;3
13;30;12;2;2
24;30;12;1;1
24;31;12;1;2
24;1;1;1;1
25;1;1;1;1
25;4;1;1;1
24;7;1;1;1
25;9;1;1;1
25;9;1;1;1
13;10;1;1;1
24;12;1;1;1
24;13;1;1;2
24;15;1;1;1
13;18;1;2;1
25;19;1;1;1
24;21;1;1;1
11;21;1;1;2
25;21;1;1;1
11;26;1;1;1
24;27;1;1;2
29;28;1;1;1
30;29;1;1;3
24;1;2;1;1
25;1;2;1;1
49;2;2;1;3
13;3;2;1;1
24;7;2;1;2
27;8;2;1;2
29;10;2;1;1
30;10;2;1;1
142;12;2;1;1
18;14;2;1;3
25;14;2;1;1
13;15;2;2;1
27;16;2;1;1
18;18;2;1;2
18;19;2;1;1
19;22;2;1;2
13;22;2;2;1
24;23;2;1;1
11;24;2;2;1
24;25;2;1;1
24;26;2;2;1
13;1;3;1;1
30;2;3;1;2
140;2;3;1;3
18;6;3;1;2
29;6;3;1;1
13;7;3;1;2
29;10;3;1;2
18;11;3;1;3
13;12;3;1;1
19;15;3;1;2
13;15;3;1;1
13;17;3;1;1
18;17;3;1;1
25;18;3;1;1
24;19;3;1;1
24;19;3;1;1
18;20;3;1;2
18;20;3;1;2
18;20;3;1;2
24;20;3;1;1
13;23;3;1;1
24;26;3;1;2
13;27;3;1;1
140;28;3;1;2
13;29;3;1;1
25;1;4;1;1
24;3;4;1;2
13;4;4;1;1
13;4;4;1;1
29;11;4;1;1
24;17;4;1;1
24;18;4;1;1
13;19;4;1;1
24;22;4;2;3
18;24;4;2;3
11;26;4;1;1
24;27;4;1;1
30;28;4;1;2
24;29;4;1;1
11;29;4;1;1
25;2;5;2;1
24;2;5;1;1
30;4;5;1;1
24;5;5;1;1
24;5;5;2;2
13;5;5;2;1
24;6;5;1;1
19;10;5;1;3
11;16;5;1;2
18;16;5;1;2
19;19;5;1;1
11;20;5;7;2
18;24;5;1;1
30;26;5;1;3
25;28;5;1;3
18;29;5;1;1
25;30;5;1;1
13;31;5;1;1
24;31;5;2;1
18;1;6;1;1
30;2;6;1;1
24;3;6;1;1
30;4;6;1;1
24;4;6;1;1
25;5;6;1;1
21;12;6;1;1
29;13;6;1;1
29;13;6;1;1
25;13;6;1;2
140;18;6;1;2
24;18;6;1;1
13;18;6;1;1
13;23;6;1;3
24;25;6;1;2
13;26;6;1;1
45;26;6;1;2
49;27;6;1;1
13;27;6;1;2
29;29;6;1;1
41;6;7;1;1
21;2;7;1;1
18;26;7;1;2
29;16;7;1;1
24;29;7;1;3
25;23;7;1;1
30;25;7;1;1
13;13;7;1;1
13;3;7;1;2
30;7;7;1;2
11;20;7;1;1
24;12;7;1;1
13;1;7;1;1
24;15;7;1;1
19;2;7;1;2
24;29;7;1;1
13;21;7;1;1
25;21;7;1;1
13;24;7;1;1
13;8;7;1;2
13;31;7;1;1
140;5;7;1;2
25;26;7;1;2
13;3;7;2;1
24;21;7;1;1
13;26;7;1;1
24;28;7;1;1
13;31;7;1;1
13;31;7;1;1
13;17;7;1;2
25;18;7;1;1
24;13;7;1;1
24;10;7;1;1
24;1;7;1;1
49;31;7;1;1
13;22;7;1;1
30;1;9;1;1
25;6;9;1;1
13;13;9;1;1
18;14;9;1;1
140;17;9;1;1
24;18;9;1;1
24;20;9;2;1
24;21;9;1;1
29;21;9;1;1
24;22;9;1;2
19;23;9;5;3
13;25;9;1;1
24;27;9;1;3
19;27;9;1;3
13;28;9;2;1
29;28;9;1;1
18;29;9;1;1
24;30;9;2;1
29;3;10;1;1
13;3;10;1;1
24;4;10;1;1
18;5;10;1;1
18;9;10;1;1
13;9;10;1;1
21;11;10;1;1
18;18;10;1;1
29;19;10;1;2
24;27;10;1;2
13;27;10;1;1
24;29;10;1;1
13;30;10;1;2
13;31;10;1;1
18;31;10;1;1
13;2;11;1;1
24;6;11;1;2
24;7;11;1;1
13;13;11;2;1
30;13;11;1;1
13;14;11;1;1
18;15;11;1;2
13;16;11;1;1
18;16;11;1;1
35;17;11;1;1
18;22;11;1;1
11;23;11;2;2
21;23;11;1;1
11;25;11;2;1
13;26;11;1;1
13;27;11;2;2
13;27;11;1;1
24;28;11;1;1
13;29;11;2;1
13;29;11;1;1
24;30;11;2;1
30;30;11;1;1
24;14;12;1;1
18;22;12;1;1
30;22;12;1;2
24;14;12;1;1
13;19;12;1;1
25;1;12;1;1
29;9;12;1;1
24;1;12;1;1
18;21;12;1;1
13;9;12;1;1
13;27;12;1;1
24;12;12;1;1
24;11;12;1;1
13;29;12;1;2
25;29;12;1;1
24;16;12;1;1
24;22;12;1;1
11;20;12;1;1
24;3;1;1;1
24;3;1;2;1
13;6;1;1;1
24;7;1;1;1
25;7;1;1;1
25;8;1;1;1
13;8;1;1;1
13;9;1;2;3
30;10;1;1;1
13;11;1;2;1
18;12;1;1;1
25;17;1;2;2
19;20;1;1;2
18;22;1;1;3
24;23;1;1;2
25;24;1;1;1
29;27;1;1;2
13;29;1;1;1
13;30;1;1;1
24;31;1;2;1
24;4;8;1;1
24;5;8;1;1
13;9;8;1;1
30;11;8;1;1
13;17;8;1;1
25;21;8;1;1
24;21;8;1;1
13;21;8;1;1
13;24;8;1;1
24;27;8;1;2
18;28;8;1;1
24;28;8;1;1
25;30;8;1;1
18;31;8;1;2
18;31;8;1;1
25;25;2;1;2
25;28;2;1;1
21;21;2;1;1
49;21;2;2;1
13;15;2;1;1
24;26;2;1;1
27;10;2;1;2
19;6;2;1;2
18;6;2;1;1
25;18;2;1;1
30;5;2;1;1
13;27;2;1;1
24;3;2;1;1
29;5;2;1;1
25;22;2;1;1
29;9;2;1;2
27;19;2;1;2
18;12;2;1;2
13;9;2;2;1
30;28;2;1;1
18;9;2;1;1
49;2;2;1;1
13;27;2;1;1
13;1;2;1;1
24;6;2;1;1
24;22;2;1;1
13;4;2;1;1
13;27;2;1;1
11;3;2;2;1
13;1;3;1;1
11;2;3;1;1
11;2;3;1;1
24;2;3;1;1
13;3;3;1;1
13;5;3;1;1
24;5;3;1;1
25;6;3;1;1
13;6;3;2;1
13;6;3;1;1
18;7;3;1;1
19;8;3;1;2
13;8;3;1;1
19;9;3;1;2
18;11;3;1;1
49;12;3;1;1
24;12;3;1;1
13;13;3;1;1
13;13;3;2;1
13;14;3;2;1
24;15;3;1;1
13;16;3;1;2
24;18;3;1;2
13;19;3;1;1
29;20;3;1;1
13;21;3;1;2
25;22;3;1;1
13;23;3;1;2
13;23;3;2;1
24;25;3;1;1
13;28;3;1;1
24;28;3;1;1
13;28;3;2;1
24;29;3;1;2
13;29;3;1;1
24;30;3;1;2
25;2;4;1;2
13;3;4;1;1
24;4;4;1;1
29;4;4;1;1
13;6;4;1;1
13;6;4;1;1
30;6;4;1;1
13;7;4;1;2
24;9;4;1;2
49;11;4;2;1
13;11;4;2;1
13;12;4;1;1
13;15;4;1;2
18;16;4;1;1
19;18;4;1;1
13;20;4;1;2
13;25;4;1;1
24;27;4;1;2
24;30;4;1;1
13;1;5;1;1
24;2;5;1;1
24;3;5;1;1
25;6;5;1;1
25;7;5;1;1
24;7;5;1;1
13;9;5;1;2
13;10;5;1;1
19;13;5;1;2
24;14;5;1;1
24;14;5;1;1
24;15;5;1;1
13;16;5;1;2
25;17;5;1;1
18;17;5;1;1
13;17;5;1;2
13;19;5;1;1
13;21;5;2;2
13;23;5;1;1
24;31;5;1;1
140;1;6;1;3
24;2;6;1;1
18;5;6;1;1
11;6;6;1;2
11;8;6;2;1
11;8;6;3;1
11;8;6;2;1
11;12;6;1;1
25;13;6;1;2
30;14;6;1;1
13;15;6;1;1
35;18;6;1;1
13;18;6;1;1
29;19;6;1;1
21;20;6;1;1
13;20;6;1;1
29;25;6;1;1
24;27;6;1;2
13;27;6;1;2
11;28;6;1;1
24;30;6;1;2
24;1;7;1;2
24;3;7;1;2
30;4;7;1;2
25;4;7;1;1
13;4;7;1;1
25;10;7;1;1
29;11;7;1;1
29;14;7;1;3
24;14;7;1;1
24;16;7;1;1
13;17;7;2;2
29;18;7;1;1
13;20;7;1;1
24;21;7;1;1
19;22;7;1;3
29;22;7;1;1
19;23;7;1;2
18;24;7;1;2
29;25;7;1;1
24;26;7;2;1
18;28;7;1;1
41;30;7;1;1
24;31;7;1;1
19;1;8;1;1
13;1;8;1;1
11;1;8;1;1
11;1;8;1;2
29;3;8;1;1
36;4;8;1;1
24;9;8;1;1
13;10;8;1;1
25;11;8;1;1
24;17;8;1;1
24;17;8;1;2
24;19;8;1;1
18;19;8;1;2
24;20;8;1;1
24;20;8;1;2
13;20;8;1;1
13;21;8;1;1
18;23;8;1;2
13;23;8;1;1
18;24;8;1;1
18;27;8;1;1
24;29;8;1;1
19;30;8;1;2
19;30;8;1;3
24;30;8;1;2
21;31;8;1;1
30;31;8;1;1
19;4;9;2;1
18;5;9;1;1
140;5;9;1;2
24;9;9;1;1
13;9;9;1;1
13;10;9;1;1
13;12;9;1;1
25;14;9;1;1
25;14;9;1;1
13;15;9;1;1
13;17;9;1;1
24;19;9;1;1
21;20;9;1;1
19;21;9;1;1
13;21;9;1;1
49;26;9;1;1
13;27;9;1;1
24;27;9;1;1
24;30;9;2;1
13;30;9;1;1
24;2;10;1;2
34;3;10;1;1
24;5;10;2;1
13;5;10;1;1
13;8;10;1;1
19;10;10;1;1
18;10;10;1;1
24;10;10;1;2
11;11;10;2;1
13;11;10;1;1
13;13;10;1;2
13;16;10;1;1
29;17;10;1;1
140;23;10;1;2
29;23;10;1;2
25;23;10;1;1
24;24;10;1;1
24;24;10;1;1
25;25;10;1;1
24;25;10;1;2
13;26;10;1;1
13;26;10;1;1
13;26;10;1;1
19;27;10;1;3
13;27;10;1;1
11;31;10;2;1
24;1;11;1;2
13;5;11;1;1
13;5;11;1;1
18;5;11;1;1
24;8;11;1;1
11;9;11;2;1
24;11;11;1;1
29;11;11;1;1
19;13;11;1;3
18;13;11;1;2
48;13;11;1;1
24;14;11;1;1
25;16;11;1;1
24;17;11;1;1
24;19;11;1;1
25;19;11;1;1
13;20;11;1;2
24;22;11;1;1
13;23;11;1;1
30;23;11;2;1
13;23;11;2;1
13;27;11;2;1
13;28;11;2;1
30;30;11;1;1
24;3;12;1;1
24;5;12;1;1
49;7;12;1;2
24;7;12;1;1
24;8;12;1;1
13;11;12;1;1
18;14;12;1;2
30;14;12;1;2
24;15;12;1;1
13;16;12;1;1
11;17;12;2;1
13;18;12;2;1
13;19;12;2;1
13;20;12;1;1
29;21;12;1;3
24;21;12;1;1
18;22;12;1;1
18;22;12;1;1
13;26;12;2;1
24;27;12;1;2
13;27;12;1;1
24;27;12;1;1
49;27;12;1;2
29;28;12;1;1
24;29;12;1;1
13;29;12;1;1
24;30;12;1;1
11;2;1;1;1
25;3;1;1;2
24;3;1;1;1
11;3;1;1;1
13;5;1;2;1
24;7;1;1;1
13;8;1;1;1
18;9;1;1;1
24;10;1;1;1
24;11;1;1;1
13;15;1;1;1
13;16;1;2;1
13;17;1;1;2
13;22;1;1;1
13;23;1;1;1
24;23;1;1;1
13;25;1;1;1
29;25;1;1;1
11;28;1;2;1
140;29;1;1;2
35;29;1;1;1
24;30;1;1;3
24;31;1;1;1
29;31;1;1;1
18;1;2;1;2
11;2;2;1;1
49;3;2;1;2
49;3;2;1;1
13;4;2;1;1
18;5;2;1;1
29;6;2;1;1
24;12;2;1;2
24;13;2;1;1
11;15;2;1;1
19;16;2;1;2
25;18;2;1;1
24;18;2;1;1
25;20;2;1;1
25;22;2;1;2
13;26;2;1;1
24;27;2;1;1
24;27;2;1;1
11;28;2;1;1
18;1;3;1;1
13;6;3;1;1
24;8;3;1;1
30;9;3;1;2
25;11;3;1;1
24;12;3;1;1
13;14;3;2;1
24;15;3;1;1
30;17;3;1;2
11;18;3;1;1
29;18;3;1;1
25;18;3;1;1
18;20;3;1;2
18;20;3;1;1
18;20;3;1;2
24;23;3;1;2
140;25;3;2;3
18;27;3;1;2
13;27;3;2;1
24;28;3;2;1
36;28;3;1;1
25;30;3;1;1
24;2;8;1;1
48;2;8;2;1
25;3;8;1;1
13;5;8;1;1
24;6;8;1;2
25;7;8;1;2
13;8;8;1;1
24;8;8;1;1
13;12;8;1;1
24;14;8;1;1
13;16;8;1;1
18;17;8;1;2
48;17;8;1;1
21;19;8;1;1
13;20;8;1;1
13;20;8;1;1
25;20;8;1;1
13;20;8;1;1
140;21;8;1;3
18;22;8;1;1
25;24;8;1;1
24;27;8;1;1
24;6;7;1;1
24;9;7;1;1
13;12;7;1;1
25;16;7;1;1
24;18;7;1;2
11;18;7;1;1
27;19;7;1;3
24;19;7;1;1
13;22;7;2;1
140;24;7;2;1
25;24;7;1;1
13;30;7;2;1
48;31;7;2;1
24;31;7;1;2
11;31;7;2;1
80;4;9;1;1
13;4;9;1;1
29;5;9;1;1
25;9;9;3;1
24;9;9;1;1
29;10;9;1;2
13;10;9;1;1
24;12;9;1;3
18;12;9;1;1
13;13;9;1;1
29;13;9;1;1
25;14;9;1;1
29;16;9;1;1
29;17;9;2;1
24;18;9;1;2
21;20;9;1;1
30;20;9;1;1
141;20;9;1;3
13;21;9;1;1
13;21;9;1;1
24;24;9;1;1
13;25;9;2;1
25;25;9;1;1
29;26;9;1;1
21;26;9;1;1
24;27;9;1;2
40;28;9;1;2
24;3;5;1;3
29;6;5;1;2
30;8;5;1;2
30;8;5;1;2
21;8;5;1;1
29;8;5;1;1
29;12;5;1;1
13;13;5;2;1
29;14;5;1;1
18;15;5;1;1
25;15;5;1;1
30;18;5;1;2
25;18;5;1;1
24;20;5;1;1
13;20;5;1;1
11;22;5;2;1
19;25;5;1;2
27;26;5;1;2
24;27;5;1;1
24;31;5;1;1
13;3;6;2;1
13;4;6;1;1
18;7;6;1;1
29;7;6;1;1
25;10;6;1;1
24;12;6;1;1
24;14;6;1;1
24;15;6;1;1
24;17;6;1;1
24;18;6;1;1
13;18;6;1;1
21;19;6;1;1
24;19;6;1;2
24;20;6;1;1
24;20;6;1;1
13;21;6;1;1
24;22;6;1;1
24;26;6;1;1
18;28;6;1;2
25;29;6;1;1
29;1;4;1;2
29;2;4;1;1
24;4;4;2;1
13;4;4;1;1
24;6;4;1;1
19;8;4;1;2
13;8;4;1;1
13;8;4;1;1
29;8;4;1;1
13;8;4;1;1
13;8;4;2;1
24;11;4;1;1
30;12;4;1;1
13;13;4;1;1
24;16;4;1;1
13;16;4;1;1
24;17;4;1;1
13;20;4;1;1
18;21;4;1;2
24;21;4;1;1
29;23;4;1;1
18;24;4;1;3
24;28;4;1;1
18;29;4;1;1
13;2;12;1;1
25;4;12;1;1
13;4;12;1;1
24;6;12;1;3
24;6;12;1;2
24;6;12;1;1
24;12;12;2;1
24;14;12;1;1
24;16;12;2;1
24;18;12;1;1
24;18;12;1;1
13;18;12;2;1
24;18;12;1;1
48;19;12;1;1
29;20;12;1;2
25;20;12;1;1
24;23;12;1;2
29;23;12;1;2
13;27;12;2;1
11;28;12;1;1
25;1;11;2;1
19;5;11;1;1
29;5;11;1;1
25;7;11;1;1
13;7;11;1;1
29;8;11;2;2
24;9;11;1;1
25;10;11;1;1
19;10;11;1;1
18;11;11;1;2
24;11;11;2;1
24;11;11;1;1
11;11;11;1;2
13;11;11;1;1
29;12;11;1;1
36;13;11;1;2
25;14;11;1;1
24;14;11;1;2
24;15;11;1;2
25;18;11;1;1
25;18;11;1;1
24;21;11;1;2
11;22;11;1;1
25;28;11;1;1
13;29;11;1;1
13;1;10;1;1
6;2;10;1;1
24;2;10;1;1
11;2;10;2;1
30;7;10;1;1
29;8;10;1;1
29;9;10;2;1
19;9;10;1;1
13;10;10;1;1
29;12;10;1;1
11;13;10;1;1
30;15;10;1;2
24;18;10;1;1
24;23;10;1;1
24;23;10;2;1
24;23;10;1;1
13;23;10;2;2
24;23;10;1;1
24;25;10;1;2
29;27;10;1;1
29;30;10;1;2
13;3;3;2;1
13;3;3;1;1
24;4;3;1;1
11;4;3;1;1
11;6;3;2;1
24;7;3;1;2
11;9;3;1;1
24;11;3;1;1
13;12;3;2;1
18;12;3;1;1
13;13;3;2;1
29;14;3;1;3
21;15;3;1;1
13;16;3;1;1
24;17;3;1;2
18;17;3;1;1
11;17;3;2;2
29;20;3;1;1
18;25;3;1;2
24;29;3;1;1
18;30;3;1;1
29;30;3;1;1
25;31;3;1;1
27;2;1;1;2
24;3;1;1;1
24;3;1;1;1
6;6;1;1;1
30;7;1;1;1
24;8;1;1;2
24;10;1;1;1
29;10;1;2;1
29;13;1;1;1
25;14;1;1;2
29;14;1;1;1
25;14;1;2;1
6;15;1;1;1
18;16;1;1;1
49;18;1;1;1
13;18;1;1;1
13;18;1;1;1
27;23;1;1;1
25;24;1;2;1
29;25;1;1;1
30;25;1;1;1
27;25;1;1;1
29;27;1;1;2
13;28;1;2;1
11;29;1;1;1
11;30;1;1;1
24;3;7;1;1
11;6;7;2;1
29;10;7;1;1
18;15;7;1;1
25;15;7;1;1
13;15;7;1;2
18;18;7;1;1
24;23;7;1;1
24;24;7;2;1
29;24;7;1;2
48;25;7;1;1
24;26;7;1;1
21;29;7;1;1
18;29;7;1;1
18;30;7;1;2
29;30;7;1;1
29;30;7;1;1
24;1;6;1;1
24;3;6;1;2
19;5;6;2;1
19;5;6;1;1
29;5;6;2;1
29;16;6;1;1
13;18;6;1;1
24;18;6;2;1
13;25;6;1;1
13;30;6;2;1
49;1;5;1;1
19;5;5;2;1
24;11;5;1;1
24;13;5;1;1
27;13;5;1;1
24;16;5;1;1
29;16;5;1;3
24;18;5;1;1
13;20;5;1;1
29;21;5;1;2
27;22;5;3;1
18;28;5;1;2
140;29;5;1;2
24;30;5;1;1
18;31;5;1;3
24;6;4;1;2
24;7;4;1;1
19;8;4;1;1
29;9;4;1;1
24;15;4;1;1
11;24;4;2;1
24;25;4;1;1
13;27;4;1;1
29;1;2;1;2
29;4;2;1;1
25;4;2;1;1
13;5;2;2;1
29;5;2;1;1
24;6;2;1;1
29;6;2;1;1
18;6;2;1;1
29;6;2;1;1
29;8;2;1;3
29;10;2;2;1
29;10;2;1;1
13;10;2;1;1
24;11;2;1;1
25;11;2;1;1
24;11;2;1;1
24;15;2;1;1
29;16;2;1;1
11;18;2;1;2
11;18;2;2;1
24;20;2;1;1
11;22;2;1;1
24;22;2;1;1
11;5;8;1;1
21;6;8;1;1
24;7;8;1;1
24;8;8;1;1
13;14;8;1;1
11;14;8;1;1
13;14;8;1;1
18;14;8;1;1
24;15;8;1;1
11;18;8;3;1
18;20;8;1;3
29;20;8;1;1
11;25;8;2;2
11;25;8;1;2
24;26;8;2;1
25;28;8;1;1
29;2;9;1;1
11;3;9;1;1
11;4;9;1;1
18;9;9;1;2
13;10;9;2;1
24;11;9;1;1
24;11;9;1;1
24;13;9;1;1
29;15;9;1;1
29;15;9;1;2
24;16;9;1;1
21;17;9;1;1
13;18;9;2;2
18;18;9;1;1
29;21;9;1;1
18;21;9;1;1
18;22;9;1;1
13;22;9;1;1
24;23;9;1;1
13;25;9;1;1
24;29;9;1;1
19;29;9;1;2
13;29;9;1;1
18;5;10;1;1
29;6;10;1;1
24;6;10;1;1
18;8;10;1;1
24;8;10;1;1
18;8;10;1;1
18;10;10;1;2
30;15;10;1;2
24;15;10;1;2
24;15;10;2;2
11;17;10;1;1
29;17;10;1;1
24;17;10;1;1
13;20;10;1;1
49;21;10;1;1
30;22;10;1;2
24;26;10;1;1
18;29;10;1;1
24;3;11;1;1
24;4;11;1;1
29;10;11;1;1
29;11;11;1;1
24;12;11;1;2
25;12;11;1;1
18;16;11;1;1
18;17;11;1;1
29;18;11;1;1
13;18;11;1;1
18;18;11;1;1
13;18;11;1;1
29;19;11;1;2
30;19;11;1;1
29;20;11;1;3
29;20;11;1;1
18;22;11;1;2
18;23;11;1;1
11;23;11;1;1
30;24;11;1;1
13;25;11;1;1
29;26;11;1;1
24;26;11;1;2
13;26;11;1;1
13;27;11;1;1
24;30;11;1;1
13;1;12;3;2
49;1;12;2;1
24;3;12;1;1
13;4;12;1;1
18;5;12;1;1
29;7;12;1;1
19;7;12;1;1
24;8;12;1;1
27;10;12;1;1
29;12;12;1;1
29;12;12;1;1
24;12;12;1;2
25;14;12;1;2
18;15;12;1;1
18;16;12;1;1
18;17;12;1;1
13;18;12;1;1
24;19;12;1;1
11;20;12;1;1
24;23;12;1;2
24;23;12;1;1
13;29;12;1;1
18;3;1;1;1
29;10;1;1;1
13;13;1;1;1
11;13;1;1;1
140;15;1;1;2
24;19;1;1;1
13;21;1;1;1
49;22;1;1;1
13;23;1;1;1
19;29;1;1;3
18;30;1;1;1
29;31;1;1;1
48;1;2;1;2
25;2;2;1;1
13;5;2;1;1
13;5;2;2;1
11;5;2;1;1
24;9;2;2;1
24;10;2;1;1
13;11;2;1;2
24;11;2;1;1
24;13;2;2;1
24;18;2;1;1
29;22;2;1;1
38;23;2;1;1
18;25;2;1;1
24;3;3;1;1
49;3;3;1;2
19;8;3;1;2
24;9;3;1;1
24;10;3;1;2
13;10;3;1;1
49;11;3;1;1
29;12;3;1;2
19;13;3;1;3
13;18;3;1;1
29;19;3;1;1
24;19;3;1;2
49;23;3;1;2
140;24;3;1;2
24;25;3;1;2
13;26;3;1;1
24;26;3;1;1
13;26;3;1;2
18;27;3;1;2
29;28;3;1;1
19;29;3;1;2
29;29;3;1;2
142;30;3;1;1
29;3;4;1;1
18;5;4;1;2
24;9;4;1;1
24;12;4;1;2
24;15;4;1;1
29;16;4;1;3
13;16;4;1;1
24;22;4;1;1
24;1;5;1;1
24;3;5;1;1
13;4;5;1;2
11;7;5;1;1
24;9;5;1;1
24;10;5;2;1
25;13;5;1;1
29;14;5;1;1
29;14;5;1;1
24;16;5;2;1
29;21;5;1;1
13;21;5;1;1
19;22;5;1;2
13;23;5;1;2
24;23;5;1;1
29;23;5;1;1
24;26;5;1;1
24;28;5;1;2
24;30;5;1;1
13;31;5;1;1
18;1;6;1;1
13;4;6;1;1
13;5;6;1;1
24;9;6;2;1
24;10;6;1;1
13;10;6;2;1
25;11;6;1;1
24;11;6;1;1
25;14;6;1;1
29;15;6;1;1
24;18;6;2;1
13;20;6;1;1
24;22;6;1;1
11;23;6;2;1
18;24;6;1;1
29;25;6;1;1
24;28;6;1;2
18;29;6;2;1
29;2;7;1;1
18;5;7;1;1
24;7;7;1;2
18;9;7;1;2
24;9;7;1;1
140;10;7;1;2
24;10;7;1;1
13;12;7;1;1
19;13;7;1;2
29;14;7;1;1
24;16;7;1;1
21;19;7;1;1
13;20;7;1;1
24;22;7;1;2
24;22;7;1;1
24;25;7;1;1
13;26;7;1;1
24;27;7;1;1
29;28;7;1;1
24;28;7;1;1
29;28;7;1;1
18;30;7;1;2
24;30;7;1;1
24;2;8;1;1
13;9;8;1;1
13;9;8;2;1
13;13;8;1;1
27;15;8;1;2
24;25;8;2;2
29;26;8;1;1
13;31;8;2;1
140;3;9;1;2
24;4;9;1;1
29;5;9;1;2
24;5;9;1;2
29;6;9;1;1
29;11;9;1;1
24;16;9;1;2
11;16;9;1;1
29;17;9;1;1
24;18;9;1;3
24;18;9;1;2
13;21;9;1;1
29;22;9;1;1
140;22;9;1;3
29;29;9;1;1
13;29;9;1;2
13;30;9;1;3
29;3;10;1;1
13;4;10;1;1
13;6;10;1;1
11;7;10;2;1
18;9;10;1;2
24;11;10;1;1
13;12;10;1;1
29;15;10;1;1
24;15;10;1;2
18;15;10;1;1
29;18;10;1;1
24;18;10;1;2
13;20;10;2;1
29;22;10;1;1
24;22;10;1;1
29;25;10;2;2
24;28;10;2;2
19;29;10;1;3
49;31;10;1;2
18;1;11;1;2
10;3;11;1;1
55;8;11;1;1
55;13;11;1;1
55;17;11;1;1
4;18;11;2;1
75;19;11;1;1
4;22;11;1;2
55;22;11;1;2
75;24;11;1;1
55;26;11;1;2
4;29;11;1;2
76;1;12;1;2
76;2;12;1;1
55;9;12;1;1
76;13;12;1;1
76;15;12;1;1
76;16;12;1;1
55;20;12;1;1
4;28;12;2;1
4;31;12;1;1
55;3;1;1;1
4;7;1;1;1
53;11;1;1;1
76;13;1;1;1
76;20;1;1;3
55;25;1;1;2
4;26;1;1;1
75;8;2;1;1
55;9;2;1;2
76;12;2;1;2
4;1;3;1;1
55;5;3;1;2
4;15;3;2;2
55;22;3;1;1
55;1;4;2;1
60;1;4;1;2
55;3;4;1;2
55;6;4;1;1
4;21;4;1;2
4;25;4;1;1
4;28;4;1;1
18;2;5;1;2
4;4;5;2;2
4;22;5;1;3
76;25;5;1;1
55;25;5;1;2
10;30;5;1;1
76;3;6;1;1
10;22;6;1;1
4;22;6;1;1
4;23;6;1;1
55;1;7;1;1
11;2;7;1;1
4;4;7;1;1
76;5;7;1;1
76;12;7;1;1
76;18;7;1;1
10;21;7;1;1
76;24;7;1;1
