dia;mes;id_sentido; id_trecho; total;id_risco
1;1;3;1;2;1
1;1;3;2;1;1
1;1;3;2;2;2
1;1;4;1;8;1
1;1;4;2;2;1
2;1;3;1;8;1
2;1;3;1;2;2
2;1;3;2;8;1
2;1;4;1;8;1
2;1;4;1;2;2
2;1;4;2;18;1
3;1;3;1;18;1
3;1;3;1;4;2
3;1;3;2;17;1
3;1;3;2;6;2
3;1;3;2;3;3
3;1;4;1;19;1
3;1;4;1;12;2
3;1;4;2;17;1
3;1;4;2;4;2
4;1;3;1;17;1
4;1;3;1;8;2
4;1;3;2;18;1
4;1;3;2;10;2
4;1;4;1;15;1
4;1;4;1;4;2
4;1;4;2;8;1
4;1;4;2;2;2
5;1;2;1;1;1
5;1;3;1;9;1
5;1;3;1;4;2
5;1;3;2;17;1
5;1;3;2;4;2
5;1;4;1;17;1
5;1;4;1;6;2
5;1;4;2;15;1
5;1;4;2;8;2
6;1;1;1;2;1
6;1;3;1;10;1
6;1;3;1;8;2
6;1;3;1;6;3
6;1;3;2;21;1
6;1;3;2;12;2
6;1;4;1;17;1
6;1;4;1;8;2
6;1;4;2;19;1
6;1;4;2;8;2
7;1;3;1;11;1
7;1;3;1;10;2
7;1;3;2;18;1
7;1;3;2;4;2
7;1;4;1;11;1
7;1;4;1;12;2
7;1;4;1;3;3
7;1;4;2;13;1
7;1;4;2;6;2
8;1;1;1;1;1
8;1;3;1;16;1
8;1;3;1;10;2
8;1;3;2;18;1
8;1;3;2;12;2
8;1;4;1;16;1
8;1;4;1;4;2
8;1;4;1;3;3
8;1;4;2;11;1
9;1;3;1;18;1
9;1;3;1;2;2
9;1;3;2;10;1
9;1;3;2;10;2
9;1;4;1;15;1
9;1;4;1;4;2
9;1;4;2;11;1
9;1;4;2;4;2
10;1;3;1;18;1
10;1;3;1;6;2
10;1;3;2;28;1
10;1;4;1;30;1
10;1;4;1;4;2
10;1;4;2;16;1
10;1;4;2;10;2
11;1;1;1;1;1
11;1;3;1;25;1
11;1;3;1;6;2
11;1;3;2;25;1
11;1;3;2;18;2
11;1;4;1;14;1
11;1;4;1;2;2
11;1;4;2;21;1
11;1;4;2;10;2
12;1;3;1;20;1
12;1;3;1;10;2
12;1;3;1;3;3
12;1;3;2;21;1
12;1;3;2;10;2
12;1;3;2;3;3
12;1;4;1;16;1
12;1;4;1;16;2
12;1;4;1;3;3
12;1;4;2;18;1
12;1;4;2;2;2
13;1;2;1;1;1
13;1;3;1;22;1
13;1;3;1;8;2
13;1;3;2;20;1
13;1;3;2;8;2
13;1;4;1;22;1
13;1;4;1;6;2
13;1;4;1;3;3
13;1;4;2;17;1
13;1;4;2;2;2
14;1;3;1;19;1
14;1;3;1;20;2
14;1;3;1;3;3
14;1;3;2;22;1
14;1;3;2;6;2
14;1;4;1;14;1
14;1;4;1;14;2
14;1;4;2;22;1
14;1;4;2;6;2
15;1;3;1;14;1
15;1;3;1;2;2
15;1;3;1;6;3
15;1;3;2;21;1
15;1;3;2;8;2
15;1;4;1;26;1
15;1;4;1;8;2
15;1;4;2;16;1
15;1;4;2;8;2
16;1;3;1;34;1
16;1;3;1;2;2
16;1;3;2;19;1
16;1;3;2;2;2
16;1;4;1;20;1
16;1;4;1;6;2
16;1;4;2;18;1
16;1;4;2;2;2
17;1;3;1;20;1
17;1;3;1;10;2
17;1;3;2;21;1
17;1;3;2;12;2
17;1;4;1;24;1
17;1;4;1;2;2
17;1;4;2;16;1
17;1;4;2;16;2
18;1;1;1;2;2
18;1;3;1;19;1
18;1;3;1;20;2
18;1;3;1;6;3
18;1;3;2;23;1
18;1;3;2;6;2
18;1;4;1;23;1
18;1;4;1;8;2
18;1;4;1;4;3
18;1;4;2;21;1
18;1;4;2;2;2
19;1;1;1;1;1
19;1;3;1;22;1
19;1;3;1;4;2
19;1;3;2;18;1
19;1;3;2;14;2
19;1;4;1;12;1
19;1;4;1;12;2
19;1;4;2;13;1
19;1;4;2;4;2
20;1;3;1;16;1
20;1;3;1;10;2
20;1;3;2;18;1
20;1;3;2;4;2
20;1;4;1;25;1
20;1;4;1;8;2
20;1;4;1;3;3
20;1;4;2;14;1
20;1;4;2;10;2
21;1;3;1;19;1
21;1;3;1;10;2
21;1;3;1;6;3
21;1;3;2;22;1
21;1;3;2;8;2
21;1;3;2;3;3
21;1;4;1;19;1
21;1;4;1;6;2
21;1;4;1;4;3
21;1;4;2;6;1
21;1;4;2;6;2
22;1;3;1;17;1
22;1;3;1;16;2
22;1;3;2;19;1
22;1;3;2;8;2
22;1;4;1;27;1
22;1;4;1;6;2
22;1;4;2;18;1
22;1;4;2;2;2
23;1;3;1;20;1
23;1;3;1;4;2
23;1;3;1;9;3
23;1;3;2;11;1
23;1;3;2;8;2
23;1;4;1;24;1
23;1;4;1;10;2
23;1;4;2;14;1
23;1;4;2;8;2
24;1;3;1;14;1
24;1;3;1;12;2
24;1;3;2;15;1
24;1;3;2;6;2
24;1;3;2;3;3
24;1;4;1;14;1
24;1;4;1;18;2
24;1;4;1;6;3
24;1;4;2;21;1
24;1;4;2;6;2
25;1;3;1;12;1
25;1;3;1;14;2
25;1;3;2;16;1
25;1;3;2;12;2
25;1;4;1;24;1
25;1;4;1;12;2
25;1;4;2;21;1
25;1;4;2;2;2
25;1;4;2;3;3
26;1;1;1;1;1
26;1;2;1;1;1
26;1;3;1;32;1
26;1;3;1;10;2
26;1;3;2;9;1
26;1;3;2;10;2
26;1;3;2;9;3
26;1;4;1;20;1
26;1;4;1;8;2
26;1;4;1;3;3
26;1;4;2;22;1
26;1;4;2;4;2
26;1;4;2;3;3
27;1;3;1;18;1
27;1;3;1;4;2
27;1;3;2;21;1
27;1;3;2;4;2
27;1;4;1;21;1
27;1;4;1;4;2
27;1;4;2;16;1
27;1;4;2;8;2
27;1;4;2;3;3
28;1;1;1;1;1
28;1;3;1;15;1
28;1;3;1;6;2
28;1;3;1;3;3
28;1;3;2;17;1
28;1;3;2;10;2
28;1;4;1;25;1
28;1;4;1;16;2
28;1;4;2;18;1
28;1;4;2;10;2
29;1;1;1;1;1
29;1;3;1;12;1
29;1;3;1;8;2
29;1;3;2;11;1
29;1;3;2;8;2
29;1;4;1;26;1
29;1;4;1;8;2
29;1;4;1;3;3
29;1;4;2;17;1
29;1;4;2;4;2
29;1;4;2;3;3
30;1;3;1;22;1
30;1;3;1;10;2
30;1;3;1;9;3
30;1;3;2;17;1
30;1;3;2;8;2
30;1;3;2;3;3
30;1;4;1;18;1
30;1;4;1;16;2
30;1;4;1;3;3
30;1;4;2;12;1
30;1;4;2;2;2
30;1;4;2;4;3
31;1;2;1;1;1
31;1;3;1;20;1
31;1;3;1;16;2
31;1;3;2;15;1
31;1;3;2;6;2
31;1;4;1;26;1
31;1;4;1;12;2
31;1;4;2;18;1
31;1;4;2;8;2
1;2;3;1;21;1
1;2;3;1;10;2
1;2;3;2;17;1
1;2;3;2;6;2
1;2;4;1;17;1
1;2;4;1;14;2
1;2;4;2;17;1
1;2;4;2;4;2
2;2;3;1;24;1
2;2;3;1;8;2
2;2;3;2;27;1
2;2;3;2;10;2
2;2;3;2;3;3
2;2;4;1;19;1
2;2;4;1;6;2
2;2;4;1;6;3
2;2;4;2;16;1
2;2;4;2;4;2
3;2;1;1;1;1
3;2;3;1;20;1
3;2;3;1;4;2
3;2;3;1;3;3
3;2;3;2;16;1
3;2;3;2;8;2
3;2;4;1;18;1
3;2;4;1;6;2
3;2;4;1;3;3
3;2;4;2;19;1
3;2;4;2;4;2
4;2;3;1;21;1
4;2;3;1;14;2
4;2;3;1;3;3
4;2;3;2;14;1
4;2;3;2;10;2
4;2;4;1;13;1
4;2;4;1;4;2
4;2;4;1;3;3
4;2;4;2;15;1
4;2;4;2;12;2
4;2;4;2;3;3
5;2;3;1;21;1
5;2;3;1;14;2
5;2;3;2;24;1
5;2;3;2;4;2
5;2;4;1;11;1
5;2;4;1;16;2
5;2;4;2;20;1
5;2;4;2;12;2
6;2;3;1;27;1
6;2;3;1;14;2
6;2;3;2;15;1
6;2;3;2;4;2
6;2;4;1;20;1
6;2;4;1;6;2
6;2;4;1;3;3
6;2;4;2;15;1
6;2;4;2;8;2
7;2;1;1;1;1
7;2;3;1;24;1
7;2;3;1;4;2
7;2;3;1;4;3
7;2;3;2;15;1
7;2;3;2;6;2
7;2;4;1;34;1
7;2;4;1;2;2
7;2;4;2;12;1
7;2;4;2;4;2
7;2;4;2;7;3
8;2;1;1;1;1
8;2;3;1;24;1
8;2;3;1;12;2
8;2;3;2;19;1
8;2;3;2;8;2
8;2;4;1;17;1
8;2;4;1;12;2
8;2;4;2;11;1
8;2;4;2;8;2
8;2;4;2;3;3
9;2;3;1;20;1
9;2;3;1;8;2
9;2;3;1;6;3
9;2;3;2;17;1
9;2;3;2;6;2
9;2;3;2;3;3
9;2;4;1;22;1
9;2;4;1;14;2
9;2;4;1;3;3
9;2;4;2;17;1
9;2;4;2;14;2
10;2;1;1;1;1
10;2;3;1;11;1
10;2;3;1;4;2
10;2;3;2;21;1
10;2;3;2;6;2
10;2;4;1;24;1
10;2;4;1;6;2
10;2;4;2;19;1
10;2;4;2;6;2
11;2;1;1;1;1
11;2;2;1;1;1
11;2;3;1;12;1
11;2;3;1;8;2
11;2;3;2;16;1
11;2;3;2;12;2
11;2;3;2;3;3
11;2;4;1;18;1
11;2;4;1;10;2
11;2;4;2;27;1
11;2;4;2;4;2
12;2;3;1;12;1
12;2;3;1;8;2
12;2;3;1;3;3
12;2;3;2;21;1
12;2;3;2;8;2
12;2;4;1;20;1
12;2;4;1;16;2
12;2;4;2;16;1
12;2;4;2;2;2
12;2;4;2;4;3
13;2;3;1;10;1
13;2;3;1;2;2
13;2;3;1;3;3
13;2;3;2;14;1
13;2;3;2;10;2
13;2;4;1;16;1
13;2;4;2;15;1
13;2;4;2;6;2
13;2;4;2;3;3
14;2;2;1;1;1
14;2;3;1;19;1
14;2;3;1;10;2
14;2;3;2;12;1
14;2;3;2;10;2
14;2;3;2;3;3
14;2;4;1;30;1
14;2;4;1;6;2
14;2;4;2;11;1
14;2;4;2;8;2
15;2;3;1;20;1
15;2;3;1;10;2
15;2;3;2;18;1
15;2;3;2;4;2
15;2;4;1;16;1
15;2;4;1;8;2
15;2;4;1;3;3
15;2;4;2;14;1
15;2;4;2;6;2
16;2;3;1;17;1
16;2;3;1;8;2
16;2;3;1;6;3
16;2;3;2;14;1
16;2;3;2;8;2
16;2;4;1;12;1
16;2;4;1;6;2
16;2;4;2;9;1
16;2;4;2;6;2
16;2;4;2;3;3
17;2;2;1;2;2
17;2;3;1;17;1
17;2;3;1;4;2
17;2;3;1;3;3
17;2;3;2;10;1
17;2;3;2;4;2
17;2;3;2;3;3
17;2;4;1;20;1
17;2;4;1;14;2
17;2;4;2;17;1
17;2;4;2;8;2
18;2;3;1;19;1
18;2;3;1;2;2
18;2;3;1;3;3
18;2;3;2;22;1
18;2;3;2;14;2
18;2;4;1;23;1
18;2;4;1;14;2
18;2;4;2;13;1
18;2;4;2;2;2
19;2;3;1;20;1
19;2;3;1;12;2
19;2;3;2;16;1
19;2;3;2;12;2
19;2;3;2;7;3
19;2;4;1;17;1
19;2;4;1;10;2
19;2;4;2;13;1
19;2;4;2;4;2
20;2;3;1;15;1
20;2;3;1;10;2
20;2;3;1;6;3
20;2;3;2;15;1
20;2;3;2;6;2
20;2;3;2;6;3
20;2;4;1;11;1
20;2;4;1;6;2
20;2;4;2;6;1
21;2;3;1;15;1
21;2;3;1;8;2
21;2;3;2;16;1
21;2;3;2;12;2
21;2;4;1;14;1
21;2;4;1;4;2
21;2;4;2;6;1
21;2;4;2;2;2
22;2;3;1;25;1
22;2;3;1;10;2
22;2;3;1;3;3
22;2;3;2;16;1
22;2;3;2;4;2
22;2;4;1;26;1
22;2;4;1;6;2
22;2;4;2;20;1
22;2;4;2;6;2
22;2;4;2;4;3
23;2;3;1;15;1
23;2;3;1;10;2
23;2;3;1;3;3
23;2;3;2;18;1
23;2;3;2;6;2
23;2;3;2;7;3
23;2;4;1;12;1
23;2;4;1;10;2
23;2;4;2;16;1
23;2;4;2;6;2
23;2;4;2;3;3
24;2;1;1;1;1
24;2;3;1;17;1
24;2;3;1;10;2
24;2;3;2;15;1
24;2;3;2;8;2
24;2;4;1;19;1
24;2;4;1;4;2
24;2;4;2;10;1
24;2;4;2;2;2
25;2;3;1;22;1
25;2;3;1;18;2
25;2;3;1;3;3
25;2;3;2;24;1
25;2;3;2;6;2
25;2;4;1;28;1
25;2;4;1;12;2
25;2;4;2;15;1
25;2;4;2;2;2
26;2;3;1;21;1
26;2;3;1;4;2
26;2;3;2;17;1
26;2;3;2;12;2
26;2;4;1;23;1
26;2;4;1;3;3
26;2;4;2;11;1
26;2;4;2;12;2
27;2;3;1;25;1
27;2;3;1;2;2
27;2;3;2;22;1
27;2;3;2;4;2
27;2;4;1;20;1
27;2;4;1;8;2
27;2;4;2;26;1
27;2;4;2;4;2
28;2;3;1;20;1
28;2;3;1;8;2
28;2;3;2;21;1
28;2;4;1;17;1
28;2;4;1;4;2
28;2;4;2;28;1
28;2;4;2;4;2
29;2;3;1;3;1
29;2;3;1;4;2
29;2;3;2;7;1
29;2;3;2;3;3
29;2;4;1;4;1
29;2;4;1;2;2
29;2;4;2;3;1
29;2;4;2;2;2
1;3;3;1;12;1
1;3;3;1;4;2
1;3;3;1;3;3
1;3;3;2;20;1
1;3;3;2;12;2
1;3;4;1;29;1
1;3;4;1;10;2
1;3;4;2;24;1
1;3;4;2;6;2
1;3;4;2;9;3
2;3;3;1;26;1
2;3;3;1;10;2
2;3;3;2;20;1
2;3;3;2;8;2
2;3;3;2;6;3
2;3;4;1;16;1
2;3;4;1;6;2
2;3;4;1;3;3
2;3;4;2;7;1
2;3;4;2;6;2
3;3;3;1;24;1
3;3;3;1;8;2
3;3;3;2;24;1
3;3;3;2;6;2
3;3;4;1;14;1
3;3;4;1;6;2
3;3;4;1;4;3
3;3;4;2;18;1
3;3;4;2;6;2
4;3;3;1;15;1
4;3;3;1;8;2
4;3;3;2;22;1
4;3;3;2;6;2
4;3;4;1;14;1
4;3;4;1;10;2
4;3;4;2;17;1
4;3;4;2;12;2
5;3;3;1;9;1
5;3;3;1;12;2
5;3;3;2;19;1
5;3;3;2;3;3
5;3;4;1;21;1
5;3;4;1;10;2
5;3;4;1;3;3
5;3;4;2;12;1
5;3;4;2;8;2
6;3;3;1;14;1
6;3;3;1;14;2
6;3;3;2;16;1
6;3;4;1;12;1
6;3;4;1;10;2
6;3;4;2;18;1
6;3;4;2;12;2
6;3;4;2;3;3
7;3;3;1;17;1
7;3;3;1;8;2
7;3;3;1;3;3
7;3;3;2;11;1
7;3;3;2;14;2
7;3;4;1;22;1
7;3;4;1;8;2
7;3;4;2;15;1
7;3;4;2;8;2
8;3;3;1;16;1
8;3;3;1;10;2
8;3;3;1;4;3
8;3;3;2;26;1
8;3;4;1;18;1
8;3;4;1;12;2
8;3;4;1;7;3
8;3;4;2;10;1
8;3;4;2;8;2
9;3;3;1;20;1
9;3;3;1;2;2
9;3;3;2;14;1
9;3;3;2;10;2
9;3;4;1;15;1
9;3;4;1;12;2
9;3;4;2;18;1
9;3;4;2;12;2
9;3;4;2;3;3
10;3;3;1;17;1
10;3;3;1;10;2
10;3;3;1;6;3
10;3;3;2;22;1
10;3;3;2;8;2
10;3;4;1;31;1
10;3;4;1;10;2
10;3;4;1;3;3
10;3;4;2;19;1
10;3;4;2;12;2
11;3;3;1;18;1
11;3;3;1;6;2
11;3;3;1;3;3
11;3;3;2;18;1
11;3;3;2;4;2
11;3;4;1;16;1
11;3;4;1;4;2
11;3;4;2;10;1
11;3;4;2;2;2
12;3;3;1;20;1
12;3;3;1;8;2
12;3;3;1;6;3
12;3;3;2;15;1
12;3;3;2;12;2
12;3;4;1;17;1
12;3;4;1;12;2
12;3;4;2;24;1
12;3;4;2;4;2
13;3;3;1;19;1
13;3;3;1;6;2
13;3;3;2;11;1
13;3;3;2;18;2
13;3;4;1;19;1
13;3;4;1;10;2
13;3;4;1;6;3
13;3;4;2;16;1
13;3;4;2;6;2
14;3;3;1;19;1
14;3;3;1;16;2
14;3;3;2;24;1
14;3;3;2;8;2
14;3;4;1;21;1
14;3;4;1;8;2
14;3;4;1;3;3
14;3;4;2;21;1
15;3;3;1;18;1
15;3;3;1;6;2
15;3;3;2;17;1
15;3;3;2;6;2
15;3;3;2;3;3
15;3;4;1;24;1
15;3;4;1;14;2
15;3;4;2;14;1
15;3;4;2;4;2
16;3;3;1;29;1
16;3;3;1;16;2
16;3;3;2;10;1
16;3;3;2;4;2
16;3;4;1;16;1
16;3;4;1;6;2
16;3;4;1;3;3
16;3;4;2;20;1
16;3;4;2;8;2
16;3;4;2;3;3
17;3;3;1;23;1
17;3;3;1;6;2
17;3;3;2;12;1
17;3;3;2;2;2
17;3;4;1;21;1
17;3;4;1;4;2
17;3;4;2;12;1
17;3;4;2;8;2
18;3;3;1;22;1
18;3;3;1;6;2
18;3;3;1;3;3
18;3;3;2;7;1
18;3;3;2;6;2
18;3;4;1;19;1
18;3;4;1;12;2
18;3;4;2;9;1
19;3;3;1;25;1
19;3;3;1;16;2
19;3;3;1;3;3
19;3;3;2;12;1
19;3;3;2;10;2
19;3;4;1;26;1
19;3;4;1;14;2
19;3;4;2;10;1
19;3;4;2;6;2
20;3;3;1;25;1
20;3;3;1;4;2
20;3;3;2;15;1
20;3;3;2;12;2
20;3;4;1;20;1
20;3;4;1;6;2
20;3;4;2;14;1
20;3;4;2;6;2
20;3;4;2;3;3
21;3;3;1;18;1
21;3;3;1;10;2
21;3;3;2;27;1
21;3;3;2;12;2
21;3;4;1;20;1
21;3;4;1;10;2
21;3;4;1;3;3
21;3;4;2;14;1
22;3;3;1;20;1
22;3;3;1;16;2
22;3;3;1;5;3
22;3;3;2;17;1
22;3;3;2;10;2
22;3;3;2;3;3
22;3;4;1;21;1
22;3;4;1;8;2
22;3;4;2;23;1
22;3;4;2;2;2
23;3;3;1;10;1
23;3;3;1;12;2
23;3;3;2;20;1
23;3;3;2;14;2
23;3;4;1;15;1
23;3;4;1;10;2
23;3;4;1;6;3
23;3;4;2;13;1
23;3;4;2;6;2
24;3;3;1;20;1
24;3;3;1;20;2
24;3;3;2;17;1
24;3;3;2;16;2
24;3;3;2;3;3
24;3;4;1;20;1
24;3;4;1;12;2
24;3;4;2;18;1
24;3;4;2;8;2
25;3;3;1;22;1
25;3;3;1;10;2
25;3;3;1;7;3
25;3;3;2;19;1
25;3;3;2;4;2
25;3;4;1;24;1
25;3;4;1;16;2
25;3;4;2;15;1
25;3;4;2;4;2
26;3;3;1;11;1
26;3;3;1;22;2
26;3;3;1;3;3
26;3;3;2;15;1
26;3;3;2;8;2
26;3;4;1;21;1
26;3;4;1;20;2
26;3;4;1;3;3
26;3;4;2;19;1
26;3;4;2;6;2
27;3;3;1;15;1
27;3;3;1;18;2
27;3;3;2;18;1
27;3;3;2;2;2
27;3;3;2;3;3
27;3;4;1;19;1
27;3;4;1;12;2
27;3;4;2;13;1
27;3;4;2;4;2
28;3;3;1;27;1
28;3;3;1;12;2
28;3;3;2;14;1
28;3;3;2;10;2
28;3;4;1;26;1
28;3;4;1;18;2
28;3;4;2;17;1
28;3;4;2;6;2
29;3;3;1;19;1
29;3;3;1;18;2
29;3;3;1;3;3
29;3;3;2;16;1
29;3;3;2;4;2
29;3;3;2;3;3
29;3;4;1;20;1
29;3;4;2;16;1
29;3;4;2;12;2
29;3;4;2;3;3
30;3;3;1;20;1
30;3;3;1;4;2
30;3;3;1;3;3
30;3;3;2;19;1
30;3;3;2;10;2
30;3;4;1;11;1
30;3;4;1;6;2
30;3;4;2;15;1
31;3;3;1;15;1
31;3;3;1;12;2
31;3;3;2;13;1
31;3;3;2;6;2
31;3;4;1;16;1
31;3;4;1;12;2
31;3;4;1;3;3
31;3;4;2;18;1
31;3;4;2;6;2
1;4;3;1;22;1
1;4;3;1;6;2
1;4;3;2;11;1
1;4;3;2;8;2
1;4;3;2;3;3
1;4;4;1;19;1
1;4;4;1;4;2
1;4;4;1;3;3
1;4;4;2;18;1
1;4;4;2;4;2
2;4;3;1;14;1
2;4;3;1;14;2
2;4;3;1;6;3
2;4;3;2;16;1
2;4;3;2;6;2
2;4;4;1;16;1
2;4;4;1;8;2
2;4;4;1;6;3
2;4;4;2;16;1
2;4;4;2;10;2
3;4;3;1;19;1
3;4;3;1;12;2
3;4;3;2;15;1
3;4;3;2;6;2
3;4;4;1;9;1
3;4;4;1;2;2
3;4;4;1;3;3
3;4;4;2;16;1
3;4;4;2;16;2
4;4;3;1;20;1
4;4;3;1;4;2
4;4;3;1;6;3
4;4;3;2;17;1
4;4;3;2;6;2
4;4;4;1;13;1
4;4;4;1;12;2
4;4;4;1;3;3
4;4;4;2;19;1
5;4;3;1;25;1
5;4;3;1;8;2
5;4;3;2;17;1
5;4;3;2;10;2
5;4;4;1;24;1
5;4;4;1;10;2
5;4;4;1;6;3
5;4;4;2;16;1
5;4;4;2;2;2
6;4;3;1;20;1
6;4;3;1;6;2
6;4;3;2;22;1
6;4;3;2;4;2
6;4;4;1;18;1
6;4;4;1;6;2
6;4;4;2;11;1
6;4;4;2;2;2
7;4;3;1;11;1
7;4;3;1;4;2
7;4;3;1;6;3
7;4;3;2;19;1
7;4;3;2;8;2
7;4;4;1;19;1
7;4;4;1;6;2
7;4;4;2;16;1
8;4;3;1;11;1
8;4;3;1;12;2
8;4;3;2;18;1
8;4;3;2;10;2
8;4;3;2;3;3
8;4;4;1;14;1
8;4;4;1;10;2
8;4;4;2;11;1
9;4;3;1;12;1
9;4;3;1;6;2
9;4;3;1;3;3
9;4;3;2;13;1
9;4;3;2;12;2
9;4;4;1;15;1
9;4;4;1;8;2
9;4;4;1;4;3
9;4;4;2;12;1
9;4;4;2;8;2
10;4;3;1;15;1
10;4;3;1;12;2
10;4;3;2;20;1
10;4;3;2;6;2
10;4;4;1;18;1
10;4;4;1;14;2
10;4;4;2;9;1
10;4;4;2;8;2
11;4;3;1;15;1
11;4;3;1;4;2
11;4;3;2;15;1
11;4;3;2;8;2
11;4;4;1;21;1
11;4;4;1;12;2
11;4;4;2;15;1
11;4;4;2;6;2
12;4;3;1;19;1
12;4;3;1;2;2
12;4;3;2;15;1
12;4;3;2;14;2
12;4;4;1;11;1
12;4;4;1;10;2
12;4;4;2;20;1
12;4;4;2;10;2
13;4;3;1;15;1
13;4;3;1;2;2
13;4;3;2;22;1
13;4;3;2;4;2
13;4;4;1;21;1
13;4;4;1;12;2
13;4;4;2;11;1
13;4;4;2;6;2
14;4;3;1;19;1
14;4;3;1;12;2
14;4;3;2;23;1
14;4;3;2;10;2
14;4;4;1;13;1
14;4;4;1;4;2
14;4;4;2;8;1
14;4;4;2;6;2
15;4;3;1;22;1
15;4;3;1;8;2
15;4;3;2;12;1
15;4;4;1;23;1
15;4;4;1;12;2
15;4;4;2;11;1
15;4;4;2;6;2
16;4;3;1;19;1
16;4;3;1;4;2
16;4;3;1;3;3
16;4;3;2;13;1
16;4;3;2;12;2
16;4;4;1;20;1
16;4;4;1;8;2
16;4;4;2;21;1
16;4;4;2;6;2
17;4;3;1;21;1
17;4;3;1;12;2
17;4;3;1;3;3
17;4;3;2;12;1
17;4;3;2;10;2
17;4;3;2;3;3
17;4;4;1;28;1
17;4;4;1;10;2
17;4;4;2;18;1
17;4;4;2;4;2
17;4;4;2;3;3
18;4;3;1;23;1
18;4;3;1;2;2
18;4;3;2;14;1
18;4;3;2;8;2
18;4;3;2;6;3
18;4;4;1;14;1
18;4;4;1;10;2
18;4;4;1;6;3
18;4;4;2;24;1
18;4;4;2;6;2
19;4;3;1;16;1
19;4;3;1;14;2
19;4;3;2;16;1
19;4;3;2;4;2
19;4;4;1;22;1
19;4;4;1;12;2
19;4;4;1;3;3
19;4;4;2;14;1
19;4;4;2;4;2
20;4;3;1;16;1
20;4;3;1;12;2
20;4;3;1;3;3
20;4;3;2;22;1
20;4;3;2;8;2
20;4;4;1;13;1
20;4;4;1;12;2
20;4;4;1;6;3
20;4;4;2;19;1
20;4;4;2;12;2
21;4;3;1;19;1
21;4;3;1;2;2
21;4;3;1;6;3
21;4;3;2;11;1
21;4;3;2;2;2
21;4;4;1;18;1
21;4;4;1;2;2
21;4;4;2;9;1
21;4;4;2;2;2
22;4;3;1;16;1
22;4;3;1;6;2
22;4;3;1;3;3
22;4;3;2;14;1
22;4;3;2;4;2
22;4;4;1;19;1
22;4;4;2;13;1
22;4;4;2;4;2
23;4;3;1;20;1
23;4;3;1;8;2
23;4;3;2;6;1
23;4;4;1;10;1
23;4;4;1;6;2
23;4;4;2;9;1
23;4;4;2;4;2
24;4;3;1;14;1
24;4;3;1;14;2
24;4;3;1;3;3
24;4;3;2;23;1
24;4;3;2;6;2
24;4;3;2;6;3
24;4;4;1;10;1
24;4;4;1;4;2
24;4;4;2;14;1
24;4;4;2;6;2
24;4;4;2;3;3
25;4;3;1;13;1
25;4;3;2;7;1
25;4;3;2;6;2
25;4;4;1;18;1
25;4;4;1;8;2
25;4;4;2;13;1
25;4;4;2;4;2
26;4;3;1;17;1
26;4;3;1;14;2
26;4;3;1;3;3
26;4;3;2;17;1
26;4;3;2;6;2
26;4;4;1;14;1
26;4;4;1;12;2
26;4;4;1;7;3
26;4;4;2;13;1
26;4;4;2;10;2
26;4;4;2;3;3
27;4;3;1;21;1
27;4;3;1;6;2
27;4;3;1;7;3
27;4;3;2;20;1
27;4;3;2;8;2
27;4;4;1;14;1
27;4;4;1;2;2
27;4;4;1;4;3
27;4;4;2;15;1
28;4;3;1;17;1
28;4;3;1;16;2
28;4;3;2;14;1
28;4;3;2;4;2
28;4;4;1;20;1
28;4;4;1;12;2
28;4;4;2;11;1
28;4;4;2;2;2
29;4;3;1;26;1
29;4;3;1;22;2
29;4;3;1;3;3
29;4;3;2;22;1
29;4;3;2;16;2
29;4;4;1;15;1
29;4;4;1;8;2
29;4;4;1;4;3
29;4;4;2;12;1
29;4;4;2;4;2
30;4;3;1;17;1
30;4;3;1;6;2
30;4;3;1;3;3
30;4;3;2;24;1
30;4;3;2;12;2
30;4;4;1;24;1
30;4;4;1;10;2
30;4;4;2;18;1
30;4;4;2;2;2
30;4;4;2;6;3
1;5;3;1;8;1
1;5;3;1;6;2
1;5;3;2;7;1
1;5;3;2;2;2
1;5;4;1;15;1
1;5;4;2;9;1
1;5;4;2;2;2
2;5;3;1;15;1
2;5;3;1;4;2
2;5;3;1;3;3
2;5;3;2;17;1
2;5;3;2;2;2
2;5;4;1;17;1
2;5;4;1;10;2
2;5;4;2;14;1
2;5;4;2;6;2
3;5;3;1;14;1
3;5;3;1;12;2
3;5;3;1;3;3
3;5;3;2;12;1
3;5;3;2;10;2
3;5;4;1;12;1
3;5;4;1;6;2
3;5;4;2;14;1
3;5;4;2;8;2
4;5;3;1;16;1
4;5;3;1;10;2
4;5;3;2;19;1
4;5;3;2;12;2
4;5;3;2;3;3
4;5;4;1;22;1
4;5;4;1;4;2
4;5;4;1;3;3
4;5;4;2;9;1
4;5;4;2;4;2
5;5;3;1;21;1
5;5;3;1;10;2
5;5;3;2;14;1
5;5;3;2;8;2
5;5;4;1;20;1
5;5;4;1;4;2
5;5;4;2;13;1
5;5;4;2;6;2
6;5;3;1;31;1
6;5;3;1;18;2
6;5;3;1;3;3
6;5;3;2;11;1
6;5;4;1;21;1
6;5;4;1;6;2
6;5;4;2;23;1
6;5;4;2;6;2
6;5;4;2;3;3
7;5;3;1;21;1
7;5;3;1;12;2
7;5;3;2;17;1
7;5;3;2;6;2
7;5;4;1;25;1
7;5;4;1;10;2
7;5;4;1;6;3
7;5;4;2;20;1
7;5;4;2;4;2
8;5;3;1;19;1
8;5;3;1;2;2
8;5;3;1;3;3
8;5;3;2;18;1
8;5;3;2;12;2
8;5;3;2;3;3
8;5;4;1;26;1
8;5;4;1;8;2
8;5;4;1;6;3
8;5;4;2;15;1
8;5;4;2;2;2
8;5;4;2;9;3
9;5;3;1;23;1
9;5;3;1;10;2
9;5;3;1;3;3
9;5;3;2;16;1
9;5;3;2;6;2
9;5;3;2;4;3
9;5;4;1;20;1
9;5;4;1;12;2
9;5;4;1;6;3
9;5;4;2;16;1
9;5;4;2;2;2
10;5;3;1;19;1
10;5;3;1;10;2
10;5;3;2;14;1
10;5;3;2;4;2
10;5;3;2;3;3
10;5;4;1;21;1
10;5;4;1;12;2
10;5;4;2;12;1
10;5;4;2;6;2
11;5;3;1;13;1
11;5;3;1;6;2
11;5;3;1;3;3
11;5;3;2;20;1
11;5;3;2;14;2
11;5;3;2;3;3
11;5;4;1;20;1
11;5;4;1;18;2
11;5;4;2;17;1
11;5;4;2;4;2
12;5;3;1;25;1
12;5;3;1;10;2
12;5;3;2;7;1
12;5;3;2;6;2
12;5;4;1;21;1
12;5;4;1;4;2
12;5;4;2;21;1
12;5;4;2;8;2
13;5;3;1;14;1
13;5;3;1;2;2
13;5;3;1;3;3
13;5;3;2;18;1
13;5;3;2;6;2
13;5;4;1;16;1
13;5;4;1;8;2
13;5;4;2;8;1
13;5;4;2;8;2
14;5;3;1;19;1
14;5;3;1;12;2
14;5;3;2;12;1
14;5;3;2;12;2
14;5;4;1;16;1
14;5;4;1;12;2
14;5;4;2;18;1
15;5;3;1;14;1
15;5;3;1;12;2
15;5;3;1;13;3
15;5;3;2;17;1
15;5;3;2;6;2
15;5;4;1;13;1
15;5;4;1;8;2
15;5;4;2;9;1
15;5;4;2;12;2
16;5;3;1;20;1
16;5;3;1;10;2
16;5;3;2;14;1
16;5;3;2;6;2
16;5;3;2;3;3
16;5;4;1;21;1
16;5;4;1;6;2
16;5;4;1;3;3
16;5;4;2;18;1
16;5;4;2;6;2
17;5;3;1;12;1
17;5;3;1;6;2
17;5;3;2;20;1
17;5;3;2;18;2
17;5;4;1;21;1
17;5;4;1;10;2
17;5;4;2;13;1
17;5;4;2;2;2
18;5;3;1;23;1
18;5;3;1;4;2
18;5;3;2;9;1
18;5;3;2;10;2
18;5;4;1;24;1
18;5;4;1;12;2
18;5;4;2;16;1
18;5;4;2;4;2
19;5;3;1;15;1
19;5;3;1;8;2
19;5;3;2;21;1
19;5;3;2;8;2
19;5;3;2;9;3
19;5;4;1;19;1
19;5;4;1;14;2
19;5;4;2;10;1
19;5;4;2;8;2
20;5;3;1;11;1
20;5;3;1;6;2
20;5;3;1;3;3
20;5;3;2;11;1
20;5;3;2;6;2
20;5;4;1;21;1
20;5;4;1;8;2
20;5;4;2;17;1
20;5;4;2;4;2
21;5;3;1;21;1
21;5;3;1;20;2
21;5;3;1;3;3
21;5;3;2;10;1
21;5;3;2;6;2
21;5;3;2;3;3
21;5;4;1;14;1
21;5;4;1;14;2
21;5;4;2;21;1
21;5;4;2;4;2
22;5;3;1;20;1
22;5;3;1;8;2
22;5;3;1;3;3
22;5;3;2;12;1
22;5;3;2;2;2
22;5;3;2;3;3
22;5;4;1;17;1
22;5;4;1;2;2
22;5;4;2;13;1
22;5;4;2;6;2
23;5;3;1;18;1
23;5;3;1;12;2
23;5;3;1;8;3
23;5;3;2;14;1
23;5;3;2;10;2
23;5;4;1;20;1
23;5;4;1;10;2
23;5;4;2;16;1
23;5;4;2;6;2
24;5;3;1;21;1
24;5;3;1;6;2
24;5;3;2;14;1
24;5;3;2;8;2
24;5;4;1;14;1
24;5;4;1;14;2
24;5;4;2;8;1
24;5;4;2;10;2
25;5;3;1;12;1
25;5;3;1;4;2
25;5;3;2;7;1
25;5;3;2;2;2
25;5;4;1;20;1
25;5;4;1;12;2
25;5;4;1;3;3
25;5;4;2;25;1
25;5;4;2;4;2
26;5;3;1;16;1
26;5;3;1;12;2
26;5;3;1;3;3
26;5;3;2;12;1
26;5;3;2;10;2
26;5;4;1;21;1
26;5;4;1;14;2
26;5;4;1;6;3
26;5;4;2;11;1
26;5;4;2;6;2
27;5;3;1;14;1
27;5;3;1;16;2
27;5;3;2;18;1
27;5;3;2;10;2
27;5;4;1;14;1
27;5;4;1;6;2
27;5;4;2;17;1
28;5;3;1;15;1
28;5;3;1;14;2
28;5;3;2;14;1
28;5;3;2;8;2
28;5;3;2;3;3
28;5;4;1;18;1
28;5;4;1;14;2
28;5;4;2;12;1
28;5;4;2;8;2
29;5;3;1;20;1
29;5;3;1;16;2
29;5;3;1;4;3
29;5;3;2;24;1
29;5;3;2;4;2
29;5;4;1;22;1
29;5;4;1;6;2
29;5;4;1;3;3
29;5;4;2;14;1
29;5;4;2;2;2
30;5;3;1;14;1
30;5;3;1;8;2
30;5;3;1;3;3
30;5;3;2;12;1
30;5;3;2;8;2
30;5;4;1;14;1
30;5;4;1;8;2
30;5;4;1;3;3
30;5;4;2;8;1
30;5;4;2;2;2
31;5;3;1;21;1
31;5;3;1;12;2
31;5;3;2;14;1
31;5;3;2;4;2
31;5;4;1;26;1
31;5;4;1;8;2
31;5;4;2;15;1
31;5;4;2;4;2
1;6;3;1;11;1
1;6;3;1;10;2
1;6;3;1;3;3
1;6;3;2;24;1
1;6;3;2;6;2
1;6;4;1;16;1
1;6;4;1;14;2
1;6;4;2;16;1
1;6;4;2;14;2
1;6;4;2;3;3
2;6;3;1;24;1
2;6;3;1;6;2
2;6;3;2;13;1
2;6;3;2;18;2
2;6;4;1;12;1
2;6;4;1;8;2
2;6;4;2;17;1
2;6;4;2;10;2
3;6;3;1;18;1
3;6;3;1;4;2
3;6;3;2;11;1
3;6;3;2;10;2
3;6;4;1;23;1
3;6;4;1;12;2
3;6;4;2;11;1
3;6;4;2;6;2
4;6;3;1;19;1
4;6;3;1;10;2
4;6;3;2;19;1
4;6;3;2;6;2
4;6;3;2;6;3
4;6;4;1;12;1
4;6;4;1;12;2
4;6;4;2;20;1
4;6;4;2;6;2
4;6;4;2;3;3
5;6;3;1;22;1
5;6;3;1;6;2
5;6;3;1;3;3
5;6;3;2;19;1
5;6;3;2;12;2
5;6;4;1;14;1
5;6;4;1;14;2
5;6;4;2;14;1
5;6;4;2;2;2
6;6;3;1;20;1
6;6;3;1;8;2
6;6;3;1;3;3
6;6;3;2;22;1
6;6;3;2;10;2
6;6;3;2;6;3
6;6;4;1;25;1
6;6;4;1;14;2
6;6;4;2;23;1
6;6;4;2;10;2
6;6;4;2;3;3
7;6;3;1;20;1
7;6;3;1;16;2
7;6;3;1;6;3
7;6;3;2;17;1
7;6;3;2;4;2
7;6;4;1;28;1
7;6;4;1;6;2
7;6;4;1;3;3
7;6;4;2;19;1
7;6;4;2;10;2
8;6;3;1;27;1
8;6;3;1;10;2
8;6;3;1;6;3
8;6;3;2;14;1
8;6;3;2;12;2
8;6;4;1;10;1
8;6;4;1;4;2
8;6;4;2;17;1
8;6;4;2;6;2
9;6;3;1;20;1
9;6;3;1;4;2
9;6;3;2;23;1
9;6;3;2;6;2
9;6;3;2;3;3
9;6;4;1;23;1
9;6;4;1;10;2
9;6;4;1;3;3
9;6;4;2;8;1
9;6;4;2;6;2
10;6;3;1;20;1
10;6;3;1;22;2
10;6;3;1;3;3
10;6;3;2;16;1
10;6;3;2;18;2
10;6;3;2;3;3
10;6;4;1;21;1
10;6;4;1;12;2
10;6;4;1;3;3
10;6;4;2;26;1
10;6;4;2;6;2
11;6;3;1;27;1
11;6;3;1;12;2
11;6;3;2;19;1
11;6;3;2;6;2
11;6;4;1;17;1
11;6;4;1;18;2
11;6;4;2;15;1
11;6;4;2;8;2
11;6;4;2;3;3
12;6;3;1;22;1
12;6;3;1;4;2
12;6;3;2;18;1
12;6;3;2;10;2
12;6;3;2;3;3
12;6;4;1;25;1
12;6;4;1;6;2
12;6;4;2;14;1
12;6;4;2;6;2
13;6;3;1;26;1
13;6;3;1;8;2
13;6;3;1;3;3
13;6;3;2;20;1
13;6;3;2;2;2
13;6;4;1;17;1
13;6;4;1;16;2
13;6;4;2;16;1
13;6;4;2;4;2
13;6;4;2;3;3
14;6;3;1;22;1
14;6;3;1;14;2
14;6;3;2;18;1
14;6;3;2;8;2
14;6;3;2;3;3
14;6;4;1;16;1
14;6;4;1;2;2
14;6;4;2;19;1
14;6;4;2;8;2
15;6;3;1;21;1
15;6;3;1;4;2
15;6;3;2;19;1
15;6;3;2;6;2
15;6;4;1;20;1
15;6;4;1;4;2
15;6;4;2;23;1
15;6;4;2;6;2
16;6;3;1;22;1
16;6;3;1;12;2
16;6;3;1;6;3
16;6;3;2;14;1
16;6;3;2;10;2
16;6;4;1;15;1
16;6;4;1;22;2
16;6;4;1;9;3
16;6;4;2;15;1
17;6;3;1;11;1
17;6;3;1;12;2
17;6;3;2;12;1
17;6;3;2;10;2
17;6;4;1;11;1
17;6;4;1;12;2
17;6;4;2;16;1
17;6;4;2;2;2
18;6;3;1;16;1
18;6;3;1;8;2
18;6;3;2;13;1
18;6;3;2;4;2
18;6;4;1;30;1
18;6;4;1;8;2
18;6;4;2;14;1
18;6;4;2;4;2
19;6;3;1;19;1
19;6;3;1;8;2
19;6;3;2;14;1
19;6;3;2;6;2
19;6;3;2;3;3
19;6;4;1;22;1
19;6;4;1;6;2
19;6;4;2;9;1
19;6;4;2;6;2
20;6;3;1;18;1
20;6;3;1;12;2
20;6;3;2;8;1
20;6;3;2;6;2
20;6;4;1;15;1
20;6;4;1;2;2
20;6;4;2;17;1
20;6;4;2;4;2
21;6;3;1;26;1
21;6;3;1;8;2
21;6;3;1;3;3
21;6;3;2;15;1
21;6;3;2;8;2
21;6;4;1;13;1
21;6;4;1;6;2
21;6;4;1;3;3
21;6;4;2;14;1
21;6;4;2;4;2
22;6;3;1;24;1
22;6;3;1;10;2
22;6;3;2;14;1
22;6;3;2;12;2
22;6;4;1;14;1
22;6;4;1;10;2
22;6;4;2;14;1
23;6;3;1;20;1
23;6;3;1;10;2
23;6;3;2;10;1
23;6;3;2;10;2
23;6;4;1;13;1
23;6;4;1;8;2
23;6;4;1;3;3
23;6;4;2;12;1
23;6;4;2;2;2
24;6;3;1;25;1
24;6;3;1;14;2
24;6;3;2;12;1
24;6;3;2;10;2
24;6;4;1;18;1
24;6;4;1;2;2
24;6;4;1;3;3
24;6;4;2;10;1
24;6;4;2;4;2
25;6;3;1;19;1
25;6;3;1;2;2
25;6;3;2;11;1
25;6;3;2;2;2
25;6;4;1;23;1
25;6;4;1;4;2
25;6;4;1;10;3
25;6;4;2;5;1
25;6;4;2;2;2
26;6;3;1;18;1
26;6;3;1;14;2
26;6;3;2;26;1
26;6;3;2;12;2
26;6;4;1;20;1
26;6;4;1;12;2
26;6;4;1;9;3
26;6;4;2;14;1
26;6;4;2;4;2
27;6;3;1;22;1
27;6;3;1;24;2
27;6;3;2;14;1
27;6;3;2;14;2
27;6;4;1;18;1
27;6;4;1;14;2
27;6;4;2;18;1
27;6;4;2;6;2
28;6;3;1;21;1
28;6;3;1;14;2
28;6;3;1;3;3
28;6;3;2;19;1
28;6;3;2;8;2
28;6;4;1;19;1
28;6;4;1;8;2
28;6;4;2;19;1
28;6;4;2;6;2
29;6;3;1;21;1
29;6;3;1;16;2
29;6;3;2;8;1
29;6;3;2;10;2
29;6;4;1;23;1
29;6;4;1;12;2
29;6;4;2;18;1
29;6;4;2;2;2
30;6;3;1;16;1
30;6;3;1;14;2
30;6;3;1;8;3
30;6;3;2;22;1
30;6;3;2;6;2
30;6;4;1;18;1
30;6;4;1;10;2
30;6;4;2;14;1
30;6;4;2;8;2
1;7;3;1;14;1
1;7;3;1;12;2
1;7;3;2;18;1
1;7;3;2;10;2
1;7;3;2;3;3
1;7;4;1;20;1
1;7;4;1;4;2
1;7;4;2;22;1
2;7;3;1;18;1
2;7;3;1;10;2
2;7;3;2;18;1
2;7;3;2;14;2
2;7;4;1;17;1
2;7;4;1;14;2
2;7;4;1;3;3
2;7;4;2;12;1
2;7;4;2;6;2
3;7;3;1;22;1
3;7;3;1;6;2
3;7;3;2;16;1
3;7;3;2;14;2
3;7;3;2;3;3
3;7;4;1;16;1
3;7;4;1;6;2
3;7;4;2;12;1
3;7;4;2;2;2
4;7;3;1;18;1
4;7;3;1;10;2
4;7;3;2;14;1
4;7;3;2;6;2
4;7;4;1;15;1
4;7;4;1;4;2
4;7;4;2;15;1
4;7;4;2;12;2
5;7;3;1;26;1
5;7;3;1;16;2
5;7;3;1;6;3
5;7;3;2;12;1
5;7;3;2;8;2
5;7;4;1;17;1
5;7;4;1;18;2
5;7;4;2;17;1
5;7;4;2;8;2
6;7;3;1;29;1
6;7;3;1;12;2
6;7;3;1;4;3
6;7;3;2;14;1
6;7;3;2;10;2
6;7;3;2;3;3
6;7;4;1;10;1
6;7;4;1;10;2
6;7;4;2;11;1
6;7;4;2;2;2
6;7;4;2;3;3
7;7;3;1;23;1
7;7;3;1;12;2
7;7;3;2;20;1
7;7;3;2;22;2
7;7;3;2;3;3
7;7;4;1;10;1
7;7;4;1;10;2
7;7;4;2;6;1
7;7;4;2;10;2
8;7;3;1;29;1
8;7;3;1;16;2
8;7;3;2;15;1
8;7;3;2;10;2
8;7;4;1;15;1
8;7;4;1;14;2
8;7;4;1;3;3
8;7;4;2;25;1
8;7;4;2;6;2
9;7;3;1;9;1
9;7;3;1;4;2
9;7;3;2;27;1
9;7;3;2;6;2
9;7;3;2;3;3
9;7;4;1;19;1
9;7;4;1;8;2
9;7;4;2;14;1
9;7;4;2;4;2
10;7;3;1;22;1
10;7;3;1;14;2
10;7;3;2;12;1
10;7;3;2;6;2
10;7;4;1;16;1
10;7;4;1;4;2
10;7;4;2;15;1
11;7;3;1;15;1
11;7;3;1;8;2
11;7;3;1;3;3
11;7;3;2;15;1
11;7;3;2;6;2
11;7;4;1;14;1
11;7;4;1;6;2
11;7;4;2;20;1
11;7;4;2;2;2
11;7;4;2;3;3
12;7;3;1;21;1
12;7;3;1;6;2
12;7;3;1;3;3
12;7;3;2;23;1
12;7;3;2;8;2
12;7;4;1;22;1
12;7;4;1;8;2
12;7;4;1;3;3
12;7;4;2;10;1
12;7;4;2;4;2
13;7;3;1;23;1
13;7;3;1;8;2
13;7;3;2;17;1
13;7;3;2;12;2
13;7;4;1;25;1
13;7;4;1;12;2
13;7;4;1;3;3
13;7;4;2;17;1
13;7;4;2;4;2
14;7;3;1;22;1
14;7;3;1;14;2
14;7;3;1;3;3
14;7;3;2;21;1
14;7;3;2;8;2
14;7;4;1;19;1
14;7;4;1;8;2
14;7;4;2;16;1
14;7;4;2;3;3
15;7;3;1;23;1
15;7;3;1;8;2
15;7;3;1;3;3
15;7;3;2;23;1
15;7;3;2;6;2
15;7;4;1;19;1
15;7;4;1;8;2
15;7;4;2;14;1
15;7;4;2;4;2
15;7;4;2;3;3
16;7;3;1;27;1
16;7;3;1;10;2
16;7;3;1;3;3
16;7;3;2;17;1
16;7;3;2;14;2
16;7;4;1;25;1
16;7;4;1;8;2
16;7;4;1;3;3
16;7;4;2;17;1
16;7;4;2;8;2
17;7;3;1;19;1
17;7;3;1;10;2
17;7;3;2;8;1
17;7;3;2;4;2
17;7;4;1;13;1
17;7;4;1;6;2
17;7;4;2;15;1
17;7;4;2;2;2
18;7;3;1;24;1
18;7;3;1;8;2
18;7;3;1;3;3
18;7;3;2;24;1
18;7;3;2;4;2
18;7;4;1;25;1
18;7;4;1;10;2
18;7;4;2;13;1
18;7;4;2;8;2
19;7;3;1;16;1
19;7;3;1;8;2
19;7;3;1;3;3
19;7;3;2;15;1
19;7;3;2;14;2
19;7;4;1;19;1
19;7;4;1;8;2
19;7;4;1;3;3
19;7;4;2;14;1
19;7;4;2;4;2
20;7;3;1;22;1
20;7;3;1;8;2
20;7;3;2;14;1
20;7;3;2;10;2
20;7;4;1;17;1
20;7;4;1;10;2
20;7;4;1;3;3
20;7;4;2;16;1
20;7;4;2;2;2
20;7;4;2;3;3
21;7;3;1;17;1
21;7;3;1;4;2
21;7;3;2;18;1
21;7;3;2;12;2
21;7;3;2;3;3
21;7;4;1;12;1
21;7;4;1;14;2
21;7;4;2;13;1
21;7;4;2;8;2
22;7;3;1;25;1
22;7;3;1;6;2
22;7;3;2;8;1
22;7;3;2;2;2
22;7;4;1;20;1
22;7;4;1;2;2
22;7;4;2;17;1
22;7;4;2;4;2
23;7;3;1;27;1
23;7;3;1;6;2
23;7;3;2;16;1
23;7;3;2;10;2
23;7;4;1;20;1
23;7;4;1;2;2
23;7;4;1;3;3
23;7;4;2;23;1
23;7;4;2;4;2
24;7;3;1;21;1
24;7;3;1;8;2
24;7;3;1;3;3
24;7;3;2;12;1
24;7;3;2;6;2
24;7;4;1;17;1
24;7;4;1;10;2
24;7;4;1;3;3
24;7;4;2;15;1
24;7;4;2;6;2
24;7;4;2;3;3
25;7;3;1;24;1
25;7;3;1;6;2
25;7;3;2;9;1
25;7;3;2;6;2
25;7;4;1;19;1
25;7;4;1;12;2
25;7;4;1;4;3
25;7;4;2;15;1
25;7;4;2;8;2
26;7;3;1;18;1
26;7;3;1;12;2
26;7;3;2;16;1
26;7;3;2;8;2
26;7;3;2;3;3
26;7;4;1;21;1
26;7;4;1;10;2
26;7;4;1;3;3
26;7;4;2;22;1
26;7;4;2;2;2
27;7;3;1;24;1
27;7;3;1;18;2
27;7;3;2;12;1
27;7;3;2;4;2
27;7;4;1;17;1
27;7;4;1;12;2
27;7;4;1;3;3
27;7;4;2;9;1
27;7;4;2;10;2
27;7;4;2;3;3
28;7;3;1;16;1
28;7;3;1;14;2
28;7;3;2;13;1
28;7;3;2;6;2
28;7;4;1;19;1
28;7;4;1;8;2
28;7;4;1;9;3
28;7;4;2;17;1
28;7;4;2;6;2
28;7;4;2;3;3
29;7;3;1;24;1
29;7;3;1;10;2
29;7;3;2;16;1
29;7;3;2;8;2
29;7;4;1;22;1
29;7;4;1;4;2
29;7;4;2;15;1
29;7;4;2;4;2
30;7;3;1;26;1
30;7;3;1;6;2
30;7;3;1;4;3
30;7;3;2;23;1
30;7;3;2;8;2
30;7;4;1;26;1
30;7;4;1;10;2
30;7;4;2;10;1
30;7;4;2;8;2
30;7;4;2;3;3
31;7;3;1;16;1
31;7;3;1;8;2
31;7;3;2;12;1
31;7;3;2;6;2
31;7;4;1;21;1
31;7;4;1;8;2
31;7;4;2;20;1
31;7;4;2;8;2
1;8;3;1;14;1
1;8;3;1;8;2
1;8;3;1;5;3
1;8;3;2;17;1
1;8;3;2;10;2
1;8;3;2;3;3
1;8;4;1;13;1
1;8;4;1;6;2
1;8;4;1;3;3
1;8;4;2;16;1
1;8;4;2;6;2
1;8;4;2;4;3
2;8;3;1;14;1
2;8;3;1;2;2
2;8;3;2;14;1
2;8;3;2;14;2
2;8;4;1;21;1
2;8;4;1;20;2
2;8;4;1;3;3
2;8;4;2;17;1
2;8;4;2;4;2
2;8;4;2;3;3
3;8;3;1;14;1
3;8;3;1;4;2
3;8;3;2;25;1
3;8;3;2;6;2
3;8;4;1;21;1
3;8;4;1;12;2
3;8;4;2;11;1
3;8;4;2;8;2
3;8;4;2;4;3
4;8;3;1;16;1
4;8;3;1;8;2
4;8;3;2;12;1
4;8;3;2;8;2
4;8;3;2;4;3
4;8;4;1;18;1
4;8;4;1;8;2
4;8;4;2;12;1
4;8;4;2;8;2
5;8;3;1;16;1
5;8;3;1;12;2
5;8;3;1;6;3
5;8;3;2;21;1
5;8;3;2;8;2
5;8;4;1;19;1
5;8;4;1;2;2
5;8;4;2;20;1
5;8;4;2;6;2
6;8;3;1;13;1
6;8;3;1;14;2
6;8;3;2;14;1
6;8;3;2;12;2
6;8;3;2;3;3
6;8;4;1;19;1
6;8;4;1;12;2
6;8;4;1;4;3
6;8;4;2;14;1
6;8;4;2;14;2
6;8;4;2;3;3
7;8;3;1;22;1
7;8;3;1;4;2
7;8;3;2;11;1
7;8;3;2;8;2
7;8;3;2;6;3
7;8;4;1;14;1
7;8;4;1;8;2
7;8;4;1;7;3
7;8;4;2;22;1
8;8;3;1;17;1
8;8;3;1;14;2
8;8;3;2;18;1
8;8;4;1;19;1
8;8;4;1;8;2
8;8;4;2;16;1
8;8;4;2;6;2
8;8;4;2;3;3
9;8;3;1;14;1
9;8;3;1;8;2
9;8;3;2;16;1
9;8;3;2;10;2
9;8;4;1;20;1
9;8;4;1;16;2
9;8;4;1;6;3
9;8;4;2;17;1
9;8;4;2;2;2
10;8;3;1;25;1
10;8;3;1;6;2
10;8;3;2;22;1
10;8;3;2;14;2
10;8;4;1;25;1
10;8;4;1;8;2
10;8;4;1;5;3
10;8;4;2;15;1
10;8;4;2;2;2
11;8;3;1;20;1
11;8;3;1;2;2
11;8;3;2;14;1
11;8;3;2;10;2
11;8;4;1;19;1
11;8;4;1;4;2
11;8;4;2;16;1
12;8;3;1;15;1
12;8;3;1;16;2
12;8;3;1;3;3
12;8;3;2;15;1
12;8;3;2;6;2
12;8;4;1;19;1
12;8;4;1;12;2
12;8;4;2;14;1
12;8;4;2;4;2
13;8;3;1;21;1
13;8;3;1;16;2
13;8;3;1;3;3
13;8;3;2;18;1
13;8;3;2;10;2
13;8;3;2;3;3
13;8;4;1;18;1
13;8;4;1;2;2
13;8;4;1;6;3
13;8;4;2;15;1
13;8;4;2;2;2
13;8;4;2;6;3
14;8;3;1;18;1
14;8;3;1;6;2
14;8;3;2;17;1
14;8;3;2;2;2
14;8;4;1;21;1
14;8;4;1;8;2
14;8;4;2;10;1
15;8;3;1;14;1
15;8;3;1;16;2
15;8;3;2;20;1
15;8;3;2;4;2
15;8;3;2;3;3
15;8;4;1;21;1
15;8;4;2;14;1
15;8;4;2;8;2
16;8;3;1;10;1
16;8;3;1;14;2
16;8;3;1;3;3
16;8;3;2;12;1
16;8;3;2;6;2
16;8;3;2;3;3
16;8;4;1;20;1
16;8;4;1;12;2
16;8;4;2;27;1
16;8;4;2;4;2
16;8;4;2;6;3
17;8;3;1;11;1
17;8;3;1;14;2
17;8;3;2;19;1
17;8;3;2;14;2
17;8;4;1;24;1
17;8;4;1;12;2
17;8;4;2;12;1
17;8;4;2;4;2
18;8;3;1;25;1
18;8;3;1;6;2
18;8;3;2;15;1
18;8;3;2;12;2
18;8;3;2;3;3
18;8;4;1;23;1
18;8;4;1;4;2
18;8;4;2;16;1
18;8;4;2;8;2
19;8;3;1;21;1
19;8;3;1;10;2
19;8;3;1;3;3
19;8;3;2;18;1
19;8;3;2;4;2
19;8;4;1;12;1
19;8;4;1;12;2
19;8;4;1;3;3
19;8;4;2;16;1
19;8;4;2;4;2
20;8;3;1;22;1
20;8;3;1;10;2
20;8;3;2;20;1
20;8;3;2;10;2
20;8;3;2;3;3
20;8;4;1;23;1
20;8;4;1;6;2
20;8;4;2;16;1
20;8;4;2;8;2
20;8;4;2;3;3
21;8;3;1;29;1
21;8;3;1;2;2
21;8;3;2;15;1
21;8;3;2;2;2
21;8;4;1;19;1
21;8;4;1;10;2
21;8;4;2;13;1
21;8;4;2;2;2
22;8;3;1;16;1
22;8;3;1;6;2
22;8;3;2;18;1
22;8;3;2;10;2
22;8;4;1;19;1
22;8;4;1;4;2
22;8;4;2;14;1
22;8;4;2;8;2
23;8;3;1;18;1
23;8;3;1;12;2
23;8;3;2;15;1
23;8;3;2;12;2
23;8;4;1;18;1
23;8;4;1;12;2
23;8;4;1;6;3
23;8;4;2;15;1
23;8;4;2;4;2
23;8;4;2;3;3
24;8;3;1;10;1
24;8;3;1;6;2
24;8;3;2;14;1
24;8;3;2;6;2
24;8;4;1;23;1
24;8;4;1;18;2
24;8;4;1;3;3
24;8;4;2;19;1
24;8;4;2;14;2
25;8;3;1;18;1
25;8;3;1;12;2
25;8;3;1;3;3
25;8;3;2;15;1
25;8;3;2;12;2
25;8;4;1;20;1
25;8;4;1;14;2
25;8;4;2;16;1
25;8;4;2;4;2
26;8;3;1;19;1
26;8;3;1;14;2
26;8;3;2;21;1
26;8;3;2;4;2
26;8;4;1;19;1
26;8;4;1;6;2
26;8;4;2;13;1
26;8;4;2;10;2
27;8;3;1;17;1
27;8;3;1;14;2
27;8;3;1;3;3
27;8;3;2;10;1
27;8;3;2;12;2
27;8;4;1;13;1
27;8;4;1;8;2
27;8;4;1;3;3
27;8;4;2;15;1
27;8;4;2;12;2
28;8;3;1;18;1
28;8;3;1;10;2
28;8;3;2;14;1
28;8;3;2;8;2
28;8;3;2;6;3
28;8;4;1;11;1
28;8;4;1;6;2
28;8;4;2;24;1
28;8;4;2;12;2
29;8;3;1;19;1
29;8;3;1;8;2
29;8;3;1;3;3
29;8;3;2;19;1
29;8;3;2;12;2
29;8;4;1;17;1
29;8;4;1;18;2
29;8;4;2;10;1
29;8;4;2;2;2
30;8;3;1;29;1
30;8;3;1;6;2
30;8;3;2;15;1
30;8;3;2;10;2
30;8;4;1;17;1
30;8;4;1;12;2
30;8;4;1;6;3
30;8;4;2;14;1
30;8;4;2;6;2
31;8;3;1;21;1
31;8;3;1;10;2
31;8;3;2;16;1
31;8;3;2;6;2
31;8;4;1;19;1
31;8;4;1;12;2
31;8;4;2;20;1
31;8;4;2;4;2
1;9;3;1;29;1
1;9;3;1;6;2
1;9;3;1;3;3
1;9;3;2;15;1
1;9;3;2;12;2
1;9;4;1;14;1
1;9;4;1;12;2
1;9;4;1;3;3
1;9;4;2;12;1
1;9;4;2;4;2
2;9;3;1;21;1
2;9;3;1;12;2
2;9;3;1;3;3
2;9;3;2;15;1
2;9;3;2;10;2
2;9;4;1;16;1
2;9;4;1;8;2
2;9;4;2;17;1
2;9;4;2;8;2
2;9;4;2;3;3
3;9;3;1;23;1
3;9;3;1;10;2
3;9;3;1;3;3
3;9;3;2;14;1
3;9;3;2;12;2
3;9;4;1;18;1
3;9;4;1;18;2
3;9;4;2;16;1
3;9;4;2;8;2
4;9;3;1;25;1
4;9;3;1;10;2
4;9;3;2;20;1
4;9;3;2;12;2
4;9;4;1;18;1
4;9;4;1;6;2
4;9;4;2;18;1
4;9;4;2;2;2
5;9;3;1;16;1
5;9;3;1;6;2
5;9;3;2;20;1
5;9;3;2;10;2
5;9;3;2;3;3
5;9;4;1;14;1
5;9;4;1;12;2
5;9;4;2;12;1
5;9;4;2;6;2
6;9;3;1;21;1
6;9;3;1;16;2
6;9;3;2;22;1
6;9;3;2;3;3
6;9;4;1;12;1
6;9;4;1;10;2
6;9;4;1;3;3
6;9;4;2;13;1
6;9;4;2;2;2
7;9;3;1;22;1
7;9;3;1;4;2
7;9;3;2;9;1
7;9;3;2;8;2
7;9;4;1;9;1
7;9;4;1;4;2
7;9;4;1;3;3
7;9;4;2;10;1
8;9;3;1;17;1
8;9;3;1;4;2
8;9;3;1;6;3
8;9;3;2;14;1
8;9;3;2;4;2
8;9;4;1;15;1
8;9;4;1;10;2
8;9;4;1;4;3
8;9;4;2;20;1
8;9;4;2;8;2
9;9;3;1;21;1
9;9;3;1;14;2
9;9;3;2;13;1
9;9;3;2;20;2
9;9;4;1;18;1
9;9;4;1;4;2
9;9;4;1;3;3
9;9;4;2;4;1
9;9;4;2;4;2
10;9;3;1;19;1
10;9;3;1;6;2
10;9;3;2;20;1
10;9;3;2;8;2
10;9;4;1;23;1
10;9;4;1;6;2
10;9;4;1;9;3
10;9;4;2;16;1
10;9;4;2;6;2
11;9;3;1;20;1
11;9;3;1;12;2
11;9;3;2;26;1
11;9;3;2;12;2
11;9;3;2;4;3
11;9;4;1;26;1
11;9;4;1;6;2
11;9;4;2;9;1
11;9;4;2;2;2
12;9;3;1;19;1
12;9;3;1;4;2
12;9;3;1;6;3
12;9;3;2;14;1
12;9;3;2;10;2
12;9;3;2;3;3
12;9;4;1;15;1
12;9;4;1;20;2
12;9;4;2;17;1
12;9;4;2;6;2
12;9;4;2;4;3
13;9;3;1;13;1
13;9;3;1;4;2
13;9;3;1;7;3
13;9;3;2;16;1
13;9;3;2;8;2
13;9;4;1;18;1
13;9;4;1;8;2
13;9;4;1;3;3
13;9;4;2;15;1
13;9;4;2;2;2
14;9;3;1;15;1
14;9;3;1;10;2
14;9;3;2;28;1
14;9;4;1;19;1
14;9;4;1;6;2
14;9;4;2;20;1
14;9;4;2;6;2
15;9;3;1;19;1
15;9;3;1;14;2
15;9;3;1;3;3
15;9;3;2;17;1
15;9;3;2;10;2
15;9;4;1;11;1
15;9;4;1;12;2
15;9;4;2;12;1
15;9;4;2;8;2
15;9;4;2;3;3
16;9;3;1;18;1
16;9;3;1;8;2
16;9;3;2;18;1
16;9;3;2;12;2
16;9;4;1;10;1
16;9;4;1;6;2
16;9;4;2;16;1
17;9;3;1;12;1
17;9;3;1;2;2
17;9;3;2;24;1
17;9;3;2;8;2
17;9;3;2;3;3
17;9;4;1;21;1
17;9;4;1;12;2
17;9;4;2;19;1
17;9;4;2;4;2
18;9;3;1;15;1
18;9;3;1;10;2
18;9;3;1;3;3
18;9;3;2;11;1
18;9;3;2;12;2
18;9;3;2;3;3
18;9;4;1;11;1
18;9;4;1;10;2
18;9;4;2;10;1
18;9;4;2;10;2
19;9;3;1;8;1
19;9;3;1;14;2
19;9;3;2;16;1
19;9;3;2;6;2
19;9;4;1;12;1
19;9;4;1;6;2
19;9;4;1;3;3
19;9;4;2;11;1
19;9;4;2;6;2
20;9;3;1;32;1
20;9;3;1;6;2
20;9;3;2;21;1
20;9;3;2;4;2
20;9;4;1;19;1
20;9;4;1;14;2
20;9;4;2;26;1
20;9;4;2;4;2
21;9;3;1;18;1
21;9;3;1;8;2
21;9;3;1;5;3
21;9;3;2;17;1
21;9;3;2;4;2
21;9;4;1;27;1
21;9;4;1;6;2
21;9;4;1;3;3
21;9;4;2;18;1
21;9;4;2;2;2
22;9;3;1;15;1
22;9;3;1;10;2
22;9;3;2;17;1
22;9;3;2;8;2
22;9;4;1;24;1
22;9;4;1;12;2
22;9;4;1;6;3
22;9;4;2;11;1
22;9;4;2;10;2
23;9;3;1;21;1
23;9;3;1;16;2
23;9;3;1;3;3
23;9;3;2;13;1
23;9;3;2;8;2
23;9;4;1;21;1
23;9;4;1;2;2
23;9;4;2;16;1
23;9;4;2;6;2
24;9;3;1;24;1
24;9;3;1;10;2
24;9;3;2;17;1
24;9;3;2;12;2
24;9;3;2;3;3
24;9;4;1;21;1
24;9;4;1;14;2
24;9;4;1;3;3
24;9;4;2;17;1
24;9;4;2;4;2
25;9;3;1;16;1
25;9;3;1;12;2
25;9;3;1;3;3
25;9;3;2;25;1
25;9;3;2;6;2
25;9;4;1;18;1
25;9;4;1;6;2
25;9;4;1;3;3
25;9;4;2;28;1
25;9;4;2;6;2
26;9;3;1;22;1
26;9;3;1;10;2
26;9;3;1;3;3
26;9;3;2;20;1
26;9;3;2;8;2
26;9;4;1;23;1
26;9;4;1;4;2
26;9;4;2;18;1
26;9;4;2;4;2
27;9;3;1;20;1
27;9;3;1;10;2
27;9;3;1;3;3
27;9;3;2;14;1
27;9;3;2;12;2
27;9;4;1;22;1
27;9;4;1;4;2
27;9;4;2;9;1
27;9;4;2;6;2
28;9;3;1;20;1
28;9;3;1;2;2
28;9;3;1;9;3
28;9;3;2;12;1
28;9;3;2;8;2
28;9;4;1;17;1
28;9;4;1;4;2
28;9;4;2;15;1
28;9;4;2;10;2
29;9;3;1;18;1
29;9;3;1;12;2
29;9;3;2;18;1
29;9;3;2;2;2
29;9;4;1;22;1
29;9;4;1;2;2
29;9;4;1;4;3
29;9;4;2;22;1
29;9;4;2;2;2
30;9;3;1;11;1
30;9;3;1;8;2
30;9;3;2;29;1
30;9;3;2;6;2
30;9;4;1;20;1
30;9;4;1;2;2
30;9;4;1;3;3
30;9;4;2;24;1
30;9;4;2;8;2
1;10;3;1;16;1
1;10;3;1;10;2
1;10;3;2;18;1
1;10;3;2;8;2
1;10;4;1;21;1
1;10;4;1;10;2
1;10;4;2;24;1
1;10;4;2;6;2
2;10;3;1;17;1
2;10;3;1;6;2
2;10;3;1;3;3
2;10;3;2;15;1
2;10;3;2;8;2
2;10;4;1;21;1
2;10;4;1;12;2
2;10;4;1;3;3
2;10;4;2;17;1
2;10;4;2;6;2
3;10;3;1;17;1
3;10;3;1;6;2
3;10;3;2;23;1
3;10;3;2;12;2
3;10;3;2;3;3
3;10;4;1;19;1
3;10;4;1;12;2
3;10;4;2;21;1
3;10;4;2;4;2
4;10;3;1;14;1
4;10;3;1;10;2
4;10;3;1;3;3
4;10;3;2;16;1
4;10;3;2;6;2
4;10;4;1;7;1
4;10;4;1;10;2
4;10;4;2;11;1
4;10;4;2;8;2
5;10;3;1;18;1
5;10;3;1;8;2
5;10;3;2;22;1
5;10;3;2;10;2
5;10;4;1;18;1
5;10;4;1;14;2
5;10;4;2;16;1
5;10;4;2;6;2
6;10;3;1;21;1
6;10;3;1;10;2
6;10;3;1;3;3
6;10;3;2;13;1
6;10;3;2;6;2
6;10;3;2;3;3
6;10;4;1;18;1
6;10;4;1;10;2
6;10;4;2;10;1
6;10;4;2;8;2
7;10;3;1;15;1
7;10;3;1;6;2
7;10;3;2;13;1
7;10;3;2;14;2
7;10;4;1;13;1
7;10;4;1;4;2
7;10;4;1;3;3
7;10;4;2;10;1
7;10;4;2;10;2
8;10;3;1;23;1
8;10;3;1;14;2
8;10;3;1;3;3
8;10;3;2;17;1
8;10;3;2;10;2
8;10;3;2;3;3
8;10;4;1;19;1
8;10;4;1;8;2
8;10;4;2;18;1
8;10;4;2;8;2
9;10;3;1;17;1
9;10;3;2;21;1
9;10;3;2;4;2
9;10;3;2;4;3
9;10;4;1;16;1
9;10;4;1;6;2
9;10;4;2;15;1
10;10;3;1;17;1
10;10;3;1;16;2
10;10;3;2;17;1
10;10;3;2;6;2
10;10;4;1;13;1
10;10;4;1;8;2
10;10;4;2;19;1
10;10;4;2;6;2
11;10;3;1;17;1
11;10;3;1;8;2
11;10;3;2;16;1
11;10;3;2;4;2
11;10;3;2;4;3
11;10;4;1;17;1
11;10;4;1;6;2
11;10;4;1;4;3
11;10;4;2;9;1
11;10;4;2;6;2
12;10;3;1;10;1
12;10;3;1;2;2
12;10;3;2;11;1
12;10;3;2;4;2
12;10;4;1;14;1
12;10;4;1;6;3
12;10;4;2;4;1
12;10;4;2;2;2
13;10;3;1;16;1
13;10;3;1;6;2
13;10;3;2;12;1
13;10;3;2;2;2
13;10;4;1;13;1
13;10;4;2;17;1
13;10;4;2;2;2
13;10;4;2;3;3
14;10;3;1;13;1
14;10;3;1;12;2
14;10;3;2;14;1
14;10;3;2;4;2
14;10;3;2;4;3
14;10;4;1;12;1
14;10;4;1;12;2
14;10;4;1;3;3
14;10;4;2;12;1
15;10;3;1;11;1
15;10;3;1;12;2
15;10;3;1;3;3
15;10;3;2;11;1
15;10;3;2;4;2
15;10;4;1;22;1
15;10;4;1;12;2
15;10;4;2;7;1
15;10;4;2;4;2
16;10;3;1;16;1
16;10;3;1;10;2
16;10;3;2;11;1
16;10;3;2;8;2
16;10;4;1;19;1
16;10;4;1;6;2
16;10;4;1;3;3
16;10;4;2;13;1
16;10;4;2;2;2
17;10;3;1;15;1
17;10;3;1;22;2
17;10;3;2;11;1
17;10;3;2;2;2
17;10;4;1;16;1
17;10;4;1;14;2
17;10;4;2;14;1
17;10;4;2;6;2
18;10;3;1;19;1
18;10;3;1;10;2
18;10;3;2;15;1
18;10;3;2;10;2
18;10;4;1;18;1
18;10;4;1;8;2
18;10;4;1;3;3
18;10;4;2;12;1
18;10;4;2;2;2
18;10;4;2;3;3
19;10;3;1;14;1
19;10;3;1;10;2
19;10;3;2;17;1
19;10;3;2;22;2
19;10;4;1;15;1
19;10;4;1;10;2
19;10;4;1;7;3
19;10;4;2;16;1
19;10;4;2;8;2
19;10;4;2;6;3
20;10;3;1;28;1
20;10;3;1;18;2
20;10;3;2;13;1
20;10;3;2;2;2
20;10;3;2;8;3
20;10;4;1;10;1
20;10;4;1;18;2
20;10;4;2;22;1
20;10;4;2;2;2
21;10;3;1;20;1
21;10;3;1;2;2
21;10;3;1;3;3
21;10;3;2;9;1
21;10;3;2;8;2
21;10;3;2;4;3
21;10;4;1;15;1
21;10;4;1;16;2
21;10;4;1;3;3
21;10;4;2;19;1
22;10;3;1;16;1
22;10;3;1;10;2
22;10;3;1;3;3
22;10;3;2;22;1
22;10;3;2;4;2
22;10;3;2;3;3
22;10;4;1;14;1
22;10;4;1;10;2
22;10;4;2;15;1
22;10;4;2;2;2
22;10;4;2;3;3
23;10;3;1;20;1
23;10;3;1;6;2
23;10;3;2;22;1
23;10;3;2;6;2
23;10;3;2;3;3
23;10;4;1;24;1
23;10;4;1;10;2
23;10;4;1;4;3
23;10;4;2;10;1
23;10;4;2;6;2
24;10;3;1;18;1
24;10;3;1;6;2
24;10;3;2;21;1
24;10;3;2;8;2
24;10;4;1;14;1
24;10;4;1;4;2
24;10;4;2;17;1
24;10;4;2;4;2
24;10;4;2;5;3
25;10;3;1;12;1
25;10;3;1;2;2
25;10;3;1;3;3
25;10;3;2;17;1
25;10;3;2;6;2
25;10;4;1;17;1
25;10;4;1;14;2
25;10;4;2;10;1
25;10;4;2;4;2
26;10;3;1;23;1
26;10;3;1;12;2
26;10;3;2;20;1
26;10;3;2;8;2
26;10;3;2;3;3
26;10;4;1;19;1
26;10;4;1;10;2
26;10;4;1;10;3
26;10;4;2;18;1
26;10;4;2;8;2
26;10;4;2;7;3
27;10;3;1;17;1
27;10;3;1;20;2
27;10;3;1;4;3
27;10;3;2;14;1
27;10;3;2;10;2
27;10;4;1;25;1
27;10;4;1;6;2
27;10;4;1;3;3
27;10;4;2;17;1
27;10;4;2;4;2
28;10;3;1;25;1
28;10;3;1;12;2
28;10;3;2;7;1
28;10;3;2;8;2
28;10;4;1;16;1
28;10;4;1;10;2
28;10;4;1;3;3
28;10;4;2;16;1
28;10;4;2;6;2
29;10;3;1;14;1
29;10;3;1;10;2
29;10;3;2;21;1
29;10;3;2;12;2
29;10;4;1;18;1
29;10;4;1;8;2
29;10;4;1;10;3
29;10;4;2;21;1
29;10;4;2;8;2
29;10;4;2;3;3
30;10;3;1;11;1
30;10;3;1;16;2
30;10;3;1;3;3
30;10;3;2;16;1
30;10;3;2;16;2
30;10;4;1;15;1
30;10;4;1;10;2
30;10;4;1;4;3
30;10;4;2;25;1
30;10;4;2;6;2
31;10;3;1;11;1
31;10;3;1;8;2
31;10;3;1;8;3
31;10;3;2;16;1
31;10;3;2;4;2
31;10;3;2;3;3
31;10;4;1;23;1
31;10;4;1;8;2
31;10;4;2;22;1
31;10;4;2;4;2
31;10;4;2;3;3
1;11;2;1;1;1
1;11;3;1;13;1
1;11;3;1;8;2
1;11;3;2;17;1
1;11;3;2;4;2
1;11;3;2;3;3
1;11;4;1;14;1
1;11;4;1;14;2
1;11;4;1;3;3
1;11;4;2;17;1
1;11;4;2;4;2
2;11;3;1;8;1
2;11;3;2;7;1
2;11;3;2;4;2
2;11;4;1;5;1
2;11;4;1;2;2
2;11;4;2;10;1
2;11;4;2;2;2
3;11;3;1;14;1
3;11;3;1;4;2
3;11;3;2;13;1
3;11;3;2;2;2
3;11;4;1;14;1
3;11;4;1;2;2
3;11;4;2;15;1
3;11;4;2;10;2
3;11;4;2;4;3
4;11;2;1;2;1
4;11;3;1;13;1
4;11;3;1;10;2
4;11;3;2;9;1
4;11;3;2;12;2
4;11;4;1;7;1
4;11;4;1;14;2
4;11;4;1;3;3
4;11;4;2;19;1
4;11;4;2;2;2
5;11;3;1;8;1
5;11;3;1;18;2
5;11;3;2;14;1
5;11;3;2;8;2
5;11;4;1;24;1
5;11;4;1;8;2
5;11;4;2;16;1
5;11;4;2;6;2
6;11;3;1;16;1
6;11;3;1;14;2
6;11;3;2;11;1
6;11;3;2;6;2
6;11;4;1;15;1
6;11;4;1;6;2
6;11;4;2;9;1
6;11;4;2;4;2
6;11;4;2;5;3
7;11;2;1;1;1
7;11;3;1;18;1
7;11;3;1;12;2
7;11;3;2;11;1
7;11;3;2;6;2
7;11;4;1;21;1
7;11;4;1;4;2
7;11;4;1;3;3
7;11;4;2;18;1
7;11;4;2;8;2
7;11;4;2;4;3
8;11;3;1;14;1
8;11;3;1;6;2
8;11;3;2;6;1
8;11;3;2;12;2
8;11;4;1;20;1
8;11;4;1;16;2
8;11;4;2;21;1
8;11;4;2;10;2
8;11;4;2;3;3
9;11;3;1;19;1
9;11;3;1;14;2
9;11;3;1;10;3
9;11;3;2;16;1
9;11;3;2;12;2
9;11;4;1;21;1
9;11;4;1;22;2
9;11;4;2;10;1
9;11;4;2;4;2
10;11;3;1;13;1
10;11;3;1;8;2
10;11;3;2;13;1
10;11;3;2;2;2
10;11;4;1;20;1
10;11;4;1;14;2
10;11;4;1;3;3
10;11;4;2;14;1
10;11;4;2;2;2
10;11;4;2;8;3
11;11;3;1;20;1
11;11;3;1;2;2
11;11;3;2;12;1
11;11;3;2;8;2
11;11;4;1;18;1
11;11;4;1;14;2
11;11;4;2;12;1
11;11;4;2;4;2
12;11;2;1;1;1
12;11;3;1;21;1
12;11;3;1;12;2
12;11;3;2;19;1
12;11;3;2;2;2
12;11;4;1;14;1
12;11;4;1;18;2
12;11;4;2;22;1
12;11;4;2;6;2
13;11;3;1;16;1
13;11;3;1;12;2
13;11;3;1;3;3
13;11;3;2;26;1
13;11;3;2;10;2
13;11;3;2;6;3
13;11;4;1;18;1
13;11;4;1;10;2
13;11;4;2;18;1
13;11;4;2;6;2
14;11;3;1;28;1
14;11;3;1;2;2
14;11;3;1;6;3
14;11;3;2;10;1
14;11;3;2;8;2
14;11;4;1;23;1
14;11;4;1;8;2
14;11;4;1;3;3
14;11;4;2;27;1
14;11;4;2;10;2
15;11;3;1;13;1
15;11;3;1;2;2
15;11;3;2;16;1
15;11;4;1;13;1
15;11;4;1;18;2
15;11;4;2;14;1
15;11;4;2;6;2
16;11;3;1;16;1
16;11;3;1;10;2
16;11;3;1;6;3
16;11;3;2;8;1
16;11;3;2;6;2
16;11;4;1;16;1
16;11;4;1;8;2
16;11;4;1;3;3
16;11;4;2;11;1
16;11;4;2;2;2
17;11;3;1;13;1
17;11;3;1;14;2
17;11;3;1;4;3
17;11;3;2;18;1
17;11;3;2;10;2
17;11;4;1;19;1
17;11;4;1;14;2
17;11;4;2;16;1
17;11;4;2;10;2
18;11;1;1;1;1
18;11;3;1;13;1
18;11;3;1;2;2
18;11;3;2;17;1
18;11;3;2;8;2
18;11;4;1;23;1
18;11;4;1;4;2
18;11;4;2;10;1
18;11;4;2;4;2
18;11;4;2;3;3
19;11;1;1;2;1
19;11;2;1;1;1
19;11;3;1;12;1
19;11;3;1;10;2
19;11;3;2;13;1
19;11;3;2;4;2
19;11;4;1;17;1
19;11;4;1;8;2
19;11;4;2;19;1
19;11;4;2;8;2
20;11;3;1;25;1
20;11;3;1;10;2
20;11;3;2;10;1
20;11;3;2;2;2
20;11;3;2;3;3
20;11;4;1;17;1
20;11;4;1;6;2
20;11;4;1;4;3
20;11;4;2;10;1
20;11;4;2;4;2
21;11;3;1;18;1
21;11;3;1;4;2
21;11;3;2;12;1
21;11;3;2;6;2
21;11;4;1;24;1
21;11;4;1;2;2
21;11;4;1;3;3
21;11;4;2;11;1
21;11;4;2;4;2
22;11;3;1;12;1
22;11;3;1;18;2
22;11;3;1;3;3
22;11;3;2;11;1
22;11;3;2;8;2
22;11;4;1;17;1
22;11;4;1;8;2
22;11;4;1;3;3
22;11;4;2;5;1
22;11;4;2;4;2
23;11;3;1;11;1
23;11;3;1;10;2
23;11;3;2;14;1
23;11;3;2;8;2
23;11;4;1;19;1
23;11;4;1;8;2
23;11;4;1;3;3
23;11;4;2;15;1
23;11;4;2;10;2
24;11;2;1;1;1
24;11;3;1;24;1
24;11;3;1;6;2
24;11;3;2;14;1
24;11;3;2;4;2
24;11;4;1;18;1
24;11;4;1;8;2
24;11;4;2;14;1
24;11;4;2;6;2
25;11;3;1;19;1
25;11;3;1;8;2
25;11;3;1;4;3
25;11;3;2;19;1
25;11;3;2;10;2
25;11;4;1;19;1
25;11;4;1;12;2
25;11;4;2;14;1
25;11;4;2;6;2
26;11;1;1;2;1
26;11;3;1;21;1
26;11;3;1;10;2
26;11;3;1;3;3
26;11;3;2;14;1
26;11;3;2;20;2
26;11;4;1;17;1
26;11;4;1;12;2
26;11;4;1;3;3
26;11;4;2;20;1
26;11;4;2;10;2
26;11;4;2;3;3
27;11;1;1;1;1
27;11;2;1;2;2
27;11;3;1;22;1
27;11;3;1;14;2
27;11;3;2;18;1
27;11;3;2;12;2
27;11;4;1;9;1
27;11;4;1;4;2
27;11;4;2;30;1
27;11;4;2;4;2
28;11;3;1;20;1
28;11;3;1;10;2
28;11;3;1;4;3
28;11;3;2;13;1
28;11;3;2;8;2
28;11;4;1;23;1
28;11;4;1;6;2
28;11;4;1;3;3
28;11;4;2;20;1
28;11;4;2;6;2
29;11;3;1;21;1
29;11;3;1;10;2
29;11;3;1;3;3
29;11;3;2;18;1
29;11;3;2;10;2
29;11;4;1;30;1
29;11;4;1;6;2
29;11;4;2;19;1
29;11;4;2;10;2
29;11;4;2;6;3
30;11;3;1;24;1
30;11;3;1;20;2
30;11;3;1;3;3
30;11;3;2;27;1
30;11;3;2;12;2
30;11;4;1;20;1
30;11;4;1;8;2
30;11;4;1;6;3
30;11;4;2;17;1
30;11;4;2;8;2
30;11;4;2;3;3
1;12;3;1;22;1
1;12;3;1;14;2
1;12;3;1;7;3
1;12;3;2;19;1
1;12;3;2;8;2
1;12;3;2;3;3
1;12;4;1;20;1
1;12;4;1;4;2
1;12;4;1;4;3
1;12;4;2;15;1
1;12;4;2;10;2
1;12;4;2;3;3
2;12;2;1;1;1
2;12;3;1;13;1
2;12;3;1;8;2
2;12;3;1;3;3
2;12;3;2;19;1
2;12;3;2;8;2
2;12;4;1;8;1
2;12;4;1;8;2
2;12;4;2;15;1
2;12;4;2;4;2
2;12;4;2;3;3
3;12;3;1;9;1
3;12;3;1;10;2
3;12;3;1;3;3
3;12;3;2;15;1
3;12;3;2;4;2
3;12;4;1;13;1
3;12;4;1;6;2
3;12;4;1;3;3
3;12;4;2;21;1
3;12;4;2;6;2
3;12;4;2;3;3
4;12;3;1;19;1
4;12;3;1;6;2
4;12;3;2;18;1
4;12;3;2;8;2
4;12;4;1;19;1
4;12;4;1;10;2
4;12;4;2;12;1
4;12;4;2;16;2
5;12;3;1;24;1
5;12;3;1;2;2
5;12;3;2;20;1
5;12;3;2;6;2
5;12;4;1;21;1
5;12;4;1;6;2
5;12;4;2;19;1
5;12;4;2;8;2
6;12;3;1;15;1
6;12;3;1;22;2
6;12;3;1;6;3
6;12;3;2;15;1
6;12;3;2;8;2
6;12;3;2;3;3
6;12;4;1;22;1
6;12;4;1;12;2
6;12;4;2;10;1
6;12;4;2;10;2
7;12;3;1;29;1
7;12;3;1;10;2
7;12;3;2;23;1
7;12;3;2;2;2
7;12;3;2;3;3
7;12;4;1;17;1
7;12;4;1;8;2
7;12;4;1;7;3
7;12;4;2;20;1
7;12;4;2;12;2
8;12;3;1;28;1
8;12;3;1;16;2
8;12;3;1;8;3
8;12;3;2;20;1
8;12;3;2;14;2
8;12;4;1;18;1
8;12;4;1;20;2
8;12;4;1;3;3
8;12;4;2;18;1
8;12;4;2;6;2
9;12;3;1;18;1
9;12;3;1;6;2
9;12;3;2;16;1
9;12;3;2;10;2
9;12;4;1;23;1
9;12;4;1;10;2
9;12;4;1;3;3
9;12;4;2;12;1
9;12;4;2;6;2
9;12;4;2;4;3
10;12;3;1;18;1
10;12;3;1;6;2
10;12;3;1;3;3
10;12;3;2;24;1
10;12;3;2;6;2
10;12;4;1;22;1
10;12;4;1;20;2
10;12;4;2;15;1
10;12;4;2;10;2
11;12;1;1;1;1
11;12;3;1;20;1
11;12;3;1;10;2
11;12;3;1;3;3
11;12;3;2;18;1
11;12;3;2;14;2
11;12;3;2;9;3
11;12;4;1;17;1
11;12;4;1;10;2
11;12;4;2;15;1
11;12;4;2;6;2
12;12;3;1;17;1
12;12;3;1;12;2
12;12;3;1;3;3
12;12;3;2;24;1
12;12;3;2;10;2
12;12;4;1;19;1
12;12;4;1;12;2
12;12;4;2;22;1
12;12;4;2;8;2
13;12;3;1;27;1
13;12;3;1;22;2
13;12;3;1;3;3
13;12;3;2;28;1
13;12;3;2;12;2
13;12;3;2;3;3
13;12;4;1;26;1
13;12;4;1;20;2
13;12;4;1;3;3
13;12;4;2;16;1
13;12;4;2;4;2
13;12;4;2;3;3
14;12;2;1;1;1
14;12;3;1;26;1
14;12;3;1;18;2
14;12;3;1;3;3
14;12;3;2;17;1
14;12;3;2;12;2
14;12;3;2;7;3
14;12;4;1;21;1
14;12;4;1;14;2
14;12;4;2;14;1
14;12;4;2;8;2
15;12;3;1;22;1
15;12;3;1;8;2
15;12;3;2;12;1
15;12;3;2;2;2
15;12;4;1;24;1
15;12;4;1;10;2
15;12;4;2;18;1
15;12;4;2;10;2
16;12;3;1;27;1
16;12;3;1;6;2
16;12;3;1;6;3
16;12;3;2;23;1
16;12;3;2;18;2
16;12;4;1;20;1
16;12;4;1;16;2
16;12;4;1;3;3
16;12;4;2;16;1
16;12;4;2;4;2
17;12;3;1;18;1
17;12;3;1;6;2
17;12;3;1;3;3
17;12;3;2;19;1
17;12;3;2;12;2
17;12;3;2;3;3
17;12;4;1;23;1
17;12;4;1;10;2
17;12;4;2;24;1
17;12;4;2;8;2
18;12;3;1;22;1
18;12;3;1;12;2
18;12;3;2;34;1
18;12;3;2;10;2
18;12;3;2;10;3
18;12;4;1;21;1
18;12;4;1;16;2
18;12;4;1;6;3
18;12;4;2;14;1
18;12;4;2;16;2
19;12;3;1;23;1
19;12;3;1;16;2
19;12;3;2;20;1
19;12;3;2;10;2
19;12;4;1;24;1
19;12;4;1;10;2
19;12;4;2;19;1
19;12;4;2;8;2
19;12;4;2;3;3
20;12;3;1;26;1
20;12;3;1;12;2
20;12;3;2;24;1
20;12;3;2;6;2
20;12;3;2;3;3
20;12;4;1;21;1
20;12;4;1;8;2
20;12;4;2;17;1
20;12;4;2;12;2
20;12;4;2;9;3
21;12;3;1;24;1
21;12;3;1;12;2
21;12;3;2;28;1
21;12;3;2;12;2
21;12;3;2;3;3
21;12;4;1;18;1
21;12;4;1;14;2
21;12;4;2;18;1
21;12;4;2;8;2
21;12;4;2;3;3
22;12;3;1;25;1
22;12;3;1;12;2
22;12;3;2;14;1
22;12;3;2;10;2
22;12;3;2;6;3
22;12;4;1;27;1
22;12;4;1;2;2
22;12;4;2;21;1
22;12;4;2;8;2
22;12;4;2;3;3
23;12;3;1;20;1
23;12;3;1;8;2
23;12;3;1;4;3
23;12;3;2;10;1
23;12;3;2;4;2
23;12;3;2;6;3
23;12;4;1;22;1
23;12;4;1;8;2
23;12;4;1;3;3
23;12;4;2;19;1
23;12;4;2;8;2
24;12;3;1;8;1
24;12;3;1;2;2
24;12;3;2;8;1
24;12;3;2;2;2
24;12;4;1;5;1
24;12;4;1;8;2
24;12;4;2;6;1
24;12;4;2;2;2
25;12;3;1;1;1
25;12;3;1;2;2
25;12;3;2;2;1
25;12;3;2;2;2
25;12;4;1;4;1
25;12;4;2;4;1
26;12;3;1;16;1
26;12;3;2;20;1
26;12;3;2;8;2
26;12;4;1;12;1
26;12;4;1;6;2
26;12;4;2;12;1
26;12;4;2;4;2
27;12;2;1;1;1
27;12;3;1;21;1
27;12;3;1;12;2
27;12;3;1;9;3
27;12;3;2;15;1
27;12;3;2;6;2
27;12;3;2;3;3
27;12;4;1;9;1
27;12;4;1;4;2
27;12;4;2;16;1
28;12;3;1;19;1
28;12;3;1;2;2
28;12;3;2;16;1
28;12;3;2;6;2
28;12;4;1;15;1
28;12;4;1;8;2
28;12;4;2;10;1
29;12;1;1;1;1
29;12;3;1;17;1
29;12;3;1;2;2
29;12;3;1;3;3
29;12;3;2;10;1
29;12;3;2;2;2
29;12;4;1;13;1
29;12;4;1;4;2
29;12;4;2;7;1
29;12;4;2;4;2
30;12;3;1;10;1
30;12;3;1;4;2
30;12;3;2;12;1
30;12;3;2;8;2
30;12;4;1;9;1
30;12;4;2;7;1
30;12;4;2;4;2
31;12;3;1;5;1
31;12;3;1;2;2
31;12;3;2;3;1
31;12;4;1;3;1
31;12;4;2;7;1
31;12;4;2;2;2
